<?xml version="1.0" encoding ="utf-8"?>
<swc xmlns="http://www.adobe.com/flash/swccatalog/9">
  <versions>
    <swc version="1.2" />
    <flex version="4.1.0" build="16076" minimumSupportedVersion="3.0.0" />
  </versions>
  <features>
    <feature-script-deps />
    <feature-files />
  </features>
  <libraries>
    <library path="library.swf">
      <script name="org/flemit/ISWFInput" mod="1275474274000" signatureChecksum="2222683432" >
        <def id="org.flemit:ISWFInput" /> 
        <dep id="flash.utils:ByteArray" type="s" /> 
        <dep id="AS3" type="n" /> 
        <dep id="Object" type="i" /> 
      </script>
      <script name="mockolate/ingredients/answers/Answer" mod="1276924519000" signatureChecksum="664744165" >
        <def id="mockolate.ingredients.answers:Answer" /> 
        <dep id="mockolate.ingredients:Invocation" type="s" /> 
        <dep id="AS3" type="n" /> 
        <dep id="Object" type="i" /> 
      </script>
      <script name="mockolate/ingredients/answers/ReturnsAnswer" mod="1285431683000" signatureChecksum="392644262" >
        <def id="mockolate.ingredients.answers:ReturnsAnswer" /> 
        <dep id="asx.number:bound" type="e" /> 
        <dep id="mockolate.ingredients:Invocation" type="s" /> 
        <dep id="AS3" type="n" /> 
        <dep id="mockolate.ingredients.answers:Answer" type="i" /> 
        <dep id="Object" type="i" /> 
      </script>
      <script name="org/flemit/reflection/MemberInfo" mod="1275474274000" signatureChecksum="778608601" >
        <def id="org.flemit.reflection:MemberInfo" /> 
        <dep id="org.flemit.bytecode:QualifiedName" type="e" /> 
        <dep id="org.flemit.bytecode:BCNamespace" type="e" /> 
        <dep id="org.flemit.bytecode:NamespaceKind" type="e" /> 
        <dep id="org.flemit.reflection:MemberVisibility" type="e" /> 
        <dep id="org.flemit.bytecode:QualifiedName" type="s" /> 
        <dep id="org.flemit.reflection:Type" type="s" /> 
        <dep id="AS3" type="n" /> 
        <dep id="Object" type="i" /> 
      </script>
      <script name="org/flemit/reflection/PropertyInfo" mod="1275474274000" signatureChecksum="1447980279" >
        <def id="org.flemit.reflection:PropertyInfo" /> 
        <dep id="org.flemit.reflection:Type" type="e" /> 
        <dep id="org.flemit.reflection:MethodInfo" type="e" /> 
        <dep id="org.flemit.reflection:ParameterInfo" type="e" /> 
        <dep id="org.flemit.reflection:Type" type="s" /> 
        <dep id="org.flemit.reflection:MethodInfo" type="s" /> 
        <dep id="AS3" type="n" /> 
        <dep id="org.flemit.reflection:MemberInfo" type="i" /> 
      </script>
      <script name="mockolate/ingredients/IMockolateFactory" mod="1285431683000" signatureChecksum="1421298074" >
        <def id="mockolate.ingredients:IMockolateFactory" /> 
        <dep id="flash.events:IEventDispatcher" type="s" /> 
        <dep id="mockolate.ingredients:Mockolate" type="s" /> 
        <dep id="AS3" type="n" /> 
        <dep id="Object" type="i" /> 
      </script>
      <script name="mockolate/ingredients/AbstractMockolateFactory" mod="1285431683000" signatureChecksum="1637055706" >
        <def id="mockolate.ingredients:AbstractMockolateFactory" /> 
        <dep id="mockolate.ingredients:RecordingCouverture" type="e" /> 
        <dep id="mockolate.ingredients:ExpectingCouverture" type="e" /> 
        <dep id="mockolate.ingredients:VerifyingCouverture" type="e" /> 
        <dep id="mockolate.ingredients:MockingCouverture" type="e" /> 
        <dep id="mockolate.ingredients:RecordingCouverture" type="s" /> 
        <dep id="mockolate.ingredients:ExpectingCouverture" type="s" /> 
        <dep id="mockolate.ingredients:Mockolate" type="s" /> 
        <dep id="mockolate.ingredients:VerifyingCouverture" type="s" /> 
        <dep id="mockolate.ingredients:MockingCouverture" type="s" /> 
        <dep id="AS3" type="n" /> 
        <dep id="Object" type="i" /> 
      </script>
      <script name="mockolate/ingredients/floxy/FloxyMockolateFactory" mod="1285431683000" signatureChecksum="1852075700" >
        <def id="mockolate.ingredients.floxy:FloxyMockolateFactory" /> 
        <dep id="mockolate.ingredients.floxy:FloxyMockolate" type="e" /> 
        <dep id="org.floxy:ProxyRepository" type="e" /> 
        <dep id="org.flemit.reflection:Type" type="e" /> 
        <dep id="mockolate.ingredients.floxy:InterceptingCouverture" type="e" /> 
        <dep id="asx.array:repeat" type="e" /> 
        <dep id="mockolate.ingredients.floxy:FloxyMockolate" type="s" /> 
        <dep id="flash.events:IEventDispatcher" type="s" /> 
        <dep id="mockolate.ingredients:Mockolate" type="s" /> 
        <dep id="org.floxy:IProxyRepository" type="s" /> 
        <dep id="mockolate.ingredients:Mockolatier" type="s" /> 
        <dep id="mockolate.ingredients.floxy:InterceptingCouverture" type="s" /> 
        <dep id="flash.system:ApplicationDomain" type="s" /> 
        <dep id="AS3" type="n" /> 
        <dep id="mockolate.ingredients:mockolate_ingredient" type="n" /> 
        <dep id="mockolate.ingredients:IMockolateFactory" type="i" /> 
        <dep id="mockolate.ingredients:AbstractMockolateFactory" type="i" /> 
      </script>
      <script name="_cf36112ce7acae4214eaf6937f7cac8af47715fbc042bb4a4d3adeb0aeef0bd6_flash_display_Sprite" mod="1277719299753" signatureChecksum="3953425947" >
        <def id="_cf36112ce7acae4214eaf6937f7cac8af47715fbc042bb4a4d3adeb0aeef0bd6_flash_display_Sprite" /> 
        <dep id="flash.system:Security" type="e" /> 
        <dep id="AS3" type="n" /> 
        <dep id="flash.display:Sprite" type="i" /> 
      </script>
      <script name="asx/array/invoke" mod="1262395835000" signatureChecksum="4098302181" >
        <def id="asx.array:invoke" /> 
        <dep id="asx.fn:callProperty" type="e" /> 
        <dep id="asx.array:map" type="e" /> 
        <dep id="String" type="s" /> 
        <dep id="Array" type="s" /> 
        <dep id="Object" type="s" /> 
        <dep id="AS3" type="n" /> 
      </script>
      <script name="mockolate/ingredients/IMockingCouverture" mod="1285431683000" signatureChecksum="1022826190" >
        <def id="mockolate.ingredients:IMockingCouverture" /> 
        <dep id="mockolate.ingredients.answers:Answer" type="s" /> 
        <dep id="flash.events:Event" type="s" /> 
        <dep id="mockolate.ingredients:Sequence" type="s" /> 
        <dep id="Error" type="s" /> 
        <dep id="AS3" type="n" /> 
        <dep id="Object" type="i" /> 
      </script>
      <script name="mockolate/ingredients/IMockingSetterCouverture" mod="1285431683000" signatureChecksum="2156672493" >
        <def id="mockolate.ingredients:IMockingSetterCouverture" /> 
        <dep id="AS3" type="n" /> 
        <dep id="mockolate.ingredients:IMockingCouverture" type="i" /> 
        <dep id="Object" type="i" /> 
      </script>
      <script name="mockolate/ingredients/Couverture" mod="1276924519000" signatureChecksum="960451488" >
        <def id="mockolate.ingredients:Couverture" /> 
        <dep id="ArgumentError" type="e" /> 
        <dep id="mockolate.ingredients:Mockolate" type="s" /> 
        <dep id="mockolate.ingredients:Invocation" type="s" /> 
        <dep id="AS3" type="n" /> 
        <dep id="mockolate.ingredients:mockolate_ingredient" type="n" /> 
        <dep id="Object" type="i" /> 
      </script>
      <script name="mockolate/ingredients/MockingCouvertureProxy" mod="1285431683000" signatureChecksum="1401761179" >
        <def id="mockolate.ingredients:MockingCouvertureProxy" /> 
        <dep id="mockolate.ingredients.answers:Answer" type="s" /> 
        <dep id="flash.events:Event" type="s" /> 
        <dep id="mockolate.ingredients:Mockolate" type="s" /> 
        <dep id="mockolate.ingredients:MockingCouverture" type="s" /> 
        <dep id="mockolate.ingredients:Sequence" type="s" /> 
        <dep id="Error" type="s" /> 
        <dep id="AS3" type="n" /> 
        <dep id="mockolate.ingredients:mockolate_ingredient" type="n" /> 
        <dep id="mockolate.ingredients:IMockingCouverture" type="i" /> 
        <dep id="mockolate.ingredients:Couverture" type="i" /> 
      </script>
      <script name="mockolate/ingredients/MockingSetterCouverture" mod="1285431683000" signatureChecksum="139814592" >
        <def id="mockolate.ingredients:MockingSetterCouverture" /> 
        <dep id="mockolate.ingredients:Mockolate" type="s" /> 
        <dep id="AS3" type="n" /> 
        <dep id="mockolate.ingredients:IMockingSetterCouverture" type="i" /> 
        <dep id="mockolate.ingredients:MockingCouvertureProxy" type="i" /> 
      </script>
      <script name="org/flemit/bytecode/IByteCodeLayout" mod="1275474274000" signatureChecksum="2222796164" >
        <def id="org.flemit.bytecode:IByteCodeLayout" /> 
        <dep id="flash.utils:IDataOutput" type="s" /> 
        <dep id="AS3" type="n" /> 
        <dep id="Object" type="i" /> 
      </script>
      <script name="org/flemit/bytecode/ByteCodeLayout" mod="1275474274000" signatureChecksum="1735669272" >
        <def id="org.flemit.bytecode:ByteCodeLayout" /> 
        <dep id="org.flemit.bytecode:TraitKind" type="e" /> 
        <dep id="org.flemit.bytecode:Multiname" type="e" /> 
        <dep id="org.flemit.bytecode:InstructionArgumentType" type="e" /> 
        <dep id="flash.utils:ByteArray" type="e" /> 
        <dep id="org.flemit.reflection:Enum" type="e" /> 
        <dep id="org.flemit.reflection:Type" type="e" /> 
        <dep id="org.flemit.bytecode:QualifiedName" type="e" /> 
        <dep id="org.flemit.bytecode:GenericName" type="e" /> 
        <dep id="org.flemit.bytecode:MultipleNamespaceName" type="e" /> 
        <dep id="flash.utils:Dictionary" type="e" /> 
        <dep id="org.flemit.bytecode:ByteCodeWriter" type="e" /> 
        <dep id="flash.errors:IllegalOperationError" type="e" /> 
        <dep id="org.flemit.bytecode:NamespaceSet" type="e" /> 
        <dep id="org.flemit.bytecode:MultipleNamespaceNameLate" type="e" /> 
        <dep id="org.flemit.bytecode:RuntimeQualifiedName" type="e" /> 
        <dep id="org.flemit.bytecode:TraitAttribute" type="e" /> 
        <dep id="String" type="e" /> 
        <dep id="Class" type="e" /> 
        <dep id="org.flemit.reflection:MethodInfo" type="e" /> 
        <dep id="org.flemit.bytecode:MethodFlags" type="e" /> 
        <dep id="org.flemit.bytecode:NamespaceKind" type="e" /> 
        <dep id="org.flemit.bytecode:ClassFlags" type="e" /> 
        <dep id="Namespace" type="e" /> 
        <dep id="org.flemit.bytecode:MultinameKind" type="e" /> 
        <dep id="org.flemit.bytecode:Instructions" type="e" /> 
        <dep id="org.flemit.bytecode:BCNamespace" type="s" /> 
        <dep id="org.flemit.bytecode:Multiname" type="s" /> 
        <dep id="org.flemit.bytecode:NamespaceSet" type="s" /> 
        <dep id="flash.utils:ByteArray" type="s" /> 
        <dep id="org.flemit.reflection:Type" type="s" /> 
        <dep id="org.flemit.bytecode:MultipleNamespaceNameLate" type="s" /> 
        <dep id="flash.utils:IDataOutput" type="s" /> 
        <dep id="org.flemit.bytecode:RuntimeQualifiedName" type="s" /> 
        <dep id="org.flemit.reflection:ParameterInfo" type="s" /> 
        <dep id="org.flemit.reflection:PropertyInfo" type="s" /> 
        <dep id="org.flemit.bytecode:IByteCodeWriter" type="s" /> 
        <dep id="org.flemit.bytecode:QualifiedName" type="s" /> 
        <dep id="org.flemit.bytecode:NamespaceInfo" type="s" /> 
        <dep id="org.flemit.bytecode:GenericName" type="s" /> 
        <dep id="org.flemit.bytecode:MultipleNamespaceName" type="s" /> 
        <dep id="org.flemit.bytecode:DynamicMethod" type="s" /> 
        <dep id="org.flemit.reflection:FieldInfo" type="s" /> 
        <dep id="org.flemit.reflection:MethodInfo" type="s" /> 
        <dep id="flash.utils:Dictionary" type="s" /> 
        <dep id="org.flemit.bytecode:IEqualityComparable" type="s" /> 
        <dep id="AS3" type="n" /> 
        <dep id="org.flemit.bytecode:IByteCodeLayout" type="i" /> 
        <dep id="Object" type="i" /> 
      </script>
      <script name="org/flemit/bytecode/MultinameKind" mod="1275474274000" signatureChecksum="621392813" >
        <def id="org.flemit.bytecode:MultinameKind" /> 
        <dep id="AS3" type="n" /> 
        <dep id="Object" type="i" /> 
      </script>
      <script name="org/floxy/IInvocation" mod="1275474267000" signatureChecksum="2908723235" >
        <def id="org.floxy:IInvocation" /> 
        <dep id="org.flemit.reflection:Type" type="s" /> 
        <dep id="org.flemit.reflection:MethodInfo" type="s" /> 
        <dep id="org.flemit.reflection:PropertyInfo" type="s" /> 
        <dep id="AS3" type="n" /> 
        <dep id="Object" type="i" /> 
      </script>
      <script name="org/floxy/SimpleInvocation" mod="1275474267000" signatureChecksum="973593212" >
        <def id="org.floxy:SimpleInvocation" /> 
        <dep id="flash.errors:IllegalOperationError" type="e" /> 
        <dep id="ArgumentError" type="e" /> 
        <dep id="org.flemit.reflection:Type" type="s" /> 
        <dep id="org.flemit.reflection:MethodInfo" type="s" /> 
        <dep id="org.flemit.reflection:PropertyInfo" type="s" /> 
        <dep id="AS3" type="n" /> 
        <dep id="org.floxy:IInvocation" type="i" /> 
        <dep id="Object" type="i" /> 
      </script>
      <script name="org/flemit/reflection/Type" mod="1277719096000" signatureChecksum="611862545" >
        <def id="org.flemit.reflection:Type" /> 
        <dep id="org.flemit.reflection:TypeNotFoundError" type="e" /> 
        <dep id="org.flemit.bytecode:BCNamespace" type="e" /> 
        <dep id="ReferenceError" type="e" /> 
        <dep id="ArgumentError" type="e" /> 
        <dep id="org.flemit.bytecode:NamespaceSet" type="e" /> 
        <dep id="org.flemit.reflection:PropertyInfo" type="e" /> 
        <dep id="flash.system:ApplicationDomain" type="e" /> 
        <dep id="org.flemit.reflection:DescribeTypeTypeProvider" type="e" /> 
        <dep id="org.flemit.bytecode:QualifiedName" type="e" /> 
        <dep id="flash.utils:getQualifiedClassName" type="e" /> 
        <dep id="flash.net:getClassByAlias" type="e" /> 
        <dep id="org.flemit.bytecode:MultipleNamespaceName" type="e" /> 
        <dep id="org.flemit.reflection:FieldInfo" type="e" /> 
        <dep id="org.flemit.reflection:MethodInfo" type="e" /> 
        <dep id="org.flemit.bytecode:NamespaceKind" type="e" /> 
        <dep id="flash.utils:getDefinitionByName" type="e" /> 
        <dep id="org.flemit.reflection:MemberVisibility" type="e" /> 
        <dep id="org.flemit.bytecode:QualifiedName" type="s" /> 
        <dep id="org.flemit.bytecode:Multiname" type="s" /> 
        <dep id="org.flemit.bytecode:BCNamespace" type="s" /> 
        <dep id="ReferenceError" type="s" /> 
        <dep id="org.flemit.bytecode:MultipleNamespaceName" type="s" /> 
        <dep id="org.flemit.reflection:FieldInfo" type="s" /> 
        <dep id="org.flemit.reflection:MethodInfo" type="s" /> 
        <dep id="org.flemit.reflection:PropertyInfo" type="s" /> 
        <dep id="RegExp" type="s" /> 
        <dep id="org.flemit.reflection:ITypeProvider" type="s" /> 
        <dep id="org.flemit.reflection:MemberInfo" type="s" /> 
        <dep id="flash.system:ApplicationDomain" type="s" /> 
        <dep id="AS3" type="n" /> 
        <dep id="Object" type="i" /> 
      </script>
      <script name="org/flemit/bytecode/DynamicClass" mod="1275474274000" signatureChecksum="1300018780" >
        <def id="org.flemit.bytecode:DynamicClass" /> 
        <dep id="flash.utils:Dictionary" type="e" /> 
        <dep id="org.flemit.bytecode:QualifiedName" type="s" /> 
        <dep id="org.flemit.bytecode:DynamicMethod" type="s" /> 
        <dep id="org.flemit.reflection:FieldInfo" type="s" /> 
        <dep id="org.flemit.reflection:MethodInfo" type="s" /> 
        <dep id="org.flemit.reflection:PropertyInfo" type="s" /> 
        <dep id="flash.utils:Dictionary" type="s" /> 
        <dep id="AS3" type="n" /> 
        <dep id="org.flemit.reflection:Type" type="i" /> 
      </script>
      <script name="mockolate/ingredients/Mockolate" mod="1285431683000" signatureChecksum="3284111797" >
        <def id="mockolate.ingredients:Mockolate" /> 
        <dep id="ArgumentError" type="e" /> 
        <dep id="mockolate.ingredients:RecordingCouverture" type="s" /> 
        <dep id="mockolate.ingredients:ExpectingCouverture" type="s" /> 
        <dep id="mockolate.ingredients:VerifyingCouverture" type="s" /> 
        <dep id="mockolate.ingredients:Invocation" type="s" /> 
        <dep id="mockolate.ingredients:MockingCouverture" type="s" /> 
        <dep id="AS3" type="n" /> 
        <dep id="mockolate.ingredients:mockolate_ingredient" type="n" /> 
        <dep id="Object" type="i" /> 
      </script>
      <script name="mockolate/ingredients/floxy/FloxyMockolate" mod="1285431683000" signatureChecksum="3671621785" >
        <def id="mockolate.ingredients.floxy:FloxyMockolate" /> 
        <dep id="mockolate.ingredients.floxy:InterceptingCouverture" type="s" /> 
        <dep id="AS3" type="n" /> 
        <dep id="mockolate.ingredients:mockolate_ingredient" type="n" /> 
        <dep id="mockolate.ingredients:Mockolate" type="i" /> 
      </script>
      <script name="mockolate/runner/MockMetadata" mod="1285431683000" signatureChecksum="30715435" >
        <def id="mockolate.runner:MockMetadata" /> 
        <dep id="asx.string:substitute" type="e" /> 
        <dep id="asx.array:contains" type="e" /> 
        <dep id="Error" type="e" /> 
        <dep id="flex.lang.reflect.metadata:MetaDataArgument" type="s" /> 
        <dep id="flex.lang.reflect.metadata:MetaDataAnnotation" type="s" /> 
        <dep id="AS3" type="n" /> 
        <dep id="Object" type="i" /> 
      </script>
      <script name="mockolate/ingredients/answers/MethodInvokingAnswer" mod="1285431683000" signatureChecksum="2517125237" >
        <def id="mockolate.ingredients.answers:MethodInvokingAnswer" /> 
        <dep id="mockolate.ingredients:Invocation" type="s" /> 
        <dep id="AS3" type="n" /> 
        <dep id="mockolate.ingredients.answers:Answer" type="i" /> 
        <dep id="Object" type="i" /> 
      </script>
      <script name="org/flemit/bytecode/NamespaceKind" mod="1275474274000" signatureChecksum="3594613231" >
        <def id="org.flemit.bytecode:NamespaceKind" /> 
        <dep id="AS3" type="n" /> 
        <dep id="Object" type="i" /> 
      </script>
      <script name="mockolate/ingredients/Invocation" mod="1276924519000" signatureChecksum="349731848" >
        <def id="mockolate.ingredients:Invocation" /> 
        <dep id="mockolate.ingredients:InvocationType" type="s" /> 
        <dep id="AS3" type="n" /> 
        <dep id="Object" type="i" /> 
      </script>
      <script name="mockolate/ingredients/answers/CallsSuperAnswer" mod="1285431683000" signatureChecksum="3067691019" >
        <def id="mockolate.ingredients.answers:CallsSuperAnswer" /> 
        <dep id="mockolate.ingredients:Invocation" type="s" /> 
        <dep id="AS3" type="n" /> 
        <dep id="mockolate.ingredients.answers:Answer" type="i" /> 
        <dep id="Object" type="i" /> 
      </script>
      <script name="org/flemit/reflection/ParameterInfo" mod="1275474274000" signatureChecksum="2822192910" >
        <def id="org.flemit.reflection:ParameterInfo" /> 
        <dep id="org.flemit.reflection:Type" type="s" /> 
        <dep id="org.flemit.reflection:MethodInfo" type="s" /> 
        <dep id="AS3" type="n" /> 
        <dep id="Object" type="i" /> 
      </script>
      <script name="org/flemit/util/MethodUtil" mod="1275474274000" signatureChecksum="313144034" >
        <def id="org.flemit.util:MethodUtil" /> 
        <dep id="org.flemit.reflection:MethodInfo" type="s" /> 
        <dep id="org.flemit.reflection:ParameterInfo" type="s" /> 
        <dep id="AS3" type="n" /> 
        <dep id="Object" type="i" /> 
      </script>
      <script name="mockolate/ingredients/answers/ReturnsCallAnswer" mod="1285431683000" signatureChecksum="934823749" >
        <def id="mockolate.ingredients.answers:ReturnsCallAnswer" /> 
        <dep id="mockolate.ingredients:Invocation" type="s" /> 
        <dep id="AS3" type="n" /> 
        <dep id="mockolate.ingredients.answers:Answer" type="i" /> 
        <dep id="Object" type="i" /> 
      </script>
      <script name="mockolate/ingredients/IMockingGetterCouverture" mod="1285431683000" signatureChecksum="4236522476" >
        <def id="mockolate.ingredients:IMockingGetterCouverture" /> 
        <dep id="AS3" type="n" /> 
        <dep id="mockolate.ingredients:IMockingCouverture" type="i" /> 
        <dep id="Object" type="i" /> 
      </script>
      <script name="org/floxy/IInterceptor" mod="1275474267000" signatureChecksum="1950753044" >
        <def id="org.floxy:IInterceptor" /> 
        <dep id="org.floxy:IInvocation" type="s" /> 
        <dep id="AS3" type="n" /> 
        <dep id="Object" type="i" /> 
      </script>
      <script name="mockolate/ingredients/faux/FauxFloxyInterceptor" mod="1285431683000" signatureChecksum="4284318598" >
        <def id="mockolate.ingredients.faux:FauxFloxyInterceptor" /> 
        <dep id="org.floxy:IInvocation" type="s" /> 
        <dep id="AS3" type="n" /> 
        <dep id="mockolate.ingredients:mockolate_ingredient" type="n" /> 
        <dep id="org.floxy:IInterceptor" type="i" /> 
        <dep id="Object" type="i" /> 
      </script>
      <script name="mockolate/ingredients/Expectation" mod="1285431683000" signatureChecksum="3267670674" >
        <def id="mockolate.ingredients:Expectation" /> 
        <dep id="asx.string:substitute" type="e" /> 
        <dep id="mockolate.ingredients.answers:Answer" type="e" /> 
        <dep id="asx.array:invoke" type="e" /> 
        <dep id="mockolate.ingredients.constraints:Constraint" type="e" /> 
        <dep id="org.hamcrest:StringDescription" type="e" /> 
        <dep id="asx.fn:callProperty" type="e" /> 
        <dep id="asx.object:isDefined" type="e" /> 
        <dep id="asx.array:detect" type="e" /> 
        <dep id="asx.array:every" type="e" /> 
        <dep id="mockolate.ingredients.answers:Answer" type="s" /> 
        <dep id="mockolate.ingredients:InvocationType" type="s" /> 
        <dep id="mockolate.ingredients.constraints:Constraint" type="s" /> 
        <dep id="org.hamcrest:Matcher" type="s" /> 
        <dep id="mockolate.ingredients:Invocation" type="s" /> 
        <dep id="AS3" type="n" /> 
        <dep id="mockolate.ingredients:mockolate_ingredient" type="n" /> 
        <dep id="Object" type="i" /> 
      </script>
      <script name="mockolate/ingredients/floxy/InterceptingCouverture" mod="1285431683000" signatureChecksum="2981671812" >
        <def id="mockolate.ingredients.floxy:InterceptingCouverture" /> 
        <dep id="mockolate.ingredients.floxy:FloxyInvocation" type="e" /> 
        <dep id="org.floxy:IInvocation" type="s" /> 
        <dep id="mockolate.ingredients:Mockolate" type="s" /> 
        <dep id="mockolate.ingredients:Mockolatier" type="s" /> 
        <dep id="AS3" type="n" /> 
        <dep id="mockolate.ingredients:mockolate_ingredient" type="n" /> 
        <dep id="org.floxy:IInterceptor" type="i" /> 
        <dep id="mockolate.ingredients:Couverture" type="i" /> 
      </script>
      <script name="mockolate/mock" mod="1285431683000" signatureChecksum="1838626716" >
        <def id="mockolate:mock" /> 
        <dep id="mockolate.ingredients:MockolatierMaster" type="e" /> 
        <dep id="mockolate.ingredients:MockingCouverture" type="s" /> 
        <dep id="AS3" type="n" /> 
      </script>
      <script name="mockolate/record" mod="1285431683000" signatureChecksum="3437962716" >
        <def id="mockolate:record" /> 
        <dep id="mockolate.ingredients:MockolatierMaster" type="e" /> 
        <dep id="Function" type="s" /> 
        <dep id="AS3" type="n" /> 
      </script>
      <script name="mockolate/ingredients/RecordingCouverture" mod="1276924519000" signatureChecksum="2155318905" >
        <def id="mockolate.ingredients:RecordingCouverture" /> 
        <dep id="mockolate.ingredients:Invocation" type="e" /> 
        <dep id="mockolate.ingredients:Mockolate" type="s" /> 
        <dep id="mockolate.ingredients:Invocation" type="s" /> 
        <dep id="AS3" type="n" /> 
        <dep id="mockolate.ingredients:mockolate_ingredient" type="n" /> 
        <dep id="mockolate.ingredients:Couverture" type="i" /> 
      </script>
      <script name="asx/array/map" mod="1260798688000" signatureChecksum="4144371626" >
        <def id="asx.array:map" /> 
        <dep id="Function" type="s" /> 
        <dep id="Array" type="s" /> 
        <dep id="Object" type="s" /> 
        <dep id="AS3" type="n" /> 
      </script>
      <script name="mockolate/ingredients/answers/DispatchesEventAnswer" mod="1285431683000" signatureChecksum="731215790" >
        <def id="mockolate.ingredients.answers:DispatchesEventAnswer" /> 
        <dep id="flash.utils:setTimeout" type="e" /> 
        <dep id="flash.events:Event" type="s" /> 
        <dep id="flash.events:IEventDispatcher" type="s" /> 
        <dep id="mockolate.ingredients:Invocation" type="s" /> 
        <dep id="AS3" type="n" /> 
        <dep id="mockolate.ingredients.answers:Answer" type="i" /> 
        <dep id="Object" type="i" /> 
      </script>
      <script name="org/floxy/IProxyListener" mod="1275474267000" signatureChecksum="3820301039" >
        <def id="org.floxy:IProxyListener" /> 
        <dep id="AS3" type="n" /> 
        <dep id="Object" type="i" /> 
      </script>
      <script name="org/floxy/InterceptorProxyListener" mod="1275476533000" signatureChecksum="753684240" >
        <def id="org.floxy:InterceptorProxyListener" /> 
        <dep id="org.floxy:SimpleInvocation" type="e" /> 
        <dep id="org.flemit.reflection:Type" type="e" /> 
        <dep id="org.floxy:MethodType" type="e" /> 
        <dep id="org.floxy:IInvocation" type="s" /> 
        <dep id="org.flemit.reflection:Type" type="s" /> 
        <dep id="org.flemit.reflection:MethodInfo" type="s" /> 
        <dep id="org.flemit.reflection:PropertyInfo" type="s" /> 
        <dep id="org.floxy:IInterceptor" type="s" /> 
        <dep id="AS3" type="n" /> 
        <dep id="org.floxy:IProxyListener" type="i" /> 
        <dep id="Object" type="i" /> 
      </script>
      <script name="mockolate/ingredients/CaptureMatcher" mod="1285431683000" signatureChecksum="981170438" >
        <def id="mockolate.ingredients:CaptureMatcher" /> 
        <dep id="org.hamcrest:Description" type="s" /> 
        <dep id="mockolate.ingredients:Capture" type="s" /> 
        <dep id="AS3" type="n" /> 
        <dep id="org.hamcrest:BaseMatcher" type="i" /> 
      </script>
      <script name="mockolate/ingredients/floxy/FloxyInvocation" mod="1285431683000" signatureChecksum="1471208209" >
        <def id="mockolate.ingredients.floxy:FloxyInvocation" /> 
        <dep id="mockolate.ingredients:InvocationType" type="e" /> 
        <dep id="asx.string:formatToString" type="e" /> 
        <dep id="org.floxy:IInvocation" type="s" /> 
        <dep id="mockolate.ingredients:InvocationType" type="s" /> 
        <dep id="AS3" type="n" /> 
        <dep id="mockolate.ingredients:Invocation" type="i" /> 
        <dep id="Object" type="i" /> 
      </script>
      <script name="asx/object/isDefined" mod="1261997824000" signatureChecksum="1877546321" >
        <def id="asx.object:isDefined" /> 
        <dep id="undefined" type="e" /> 
        <dep id="Boolean" type="s" /> 
        <dep id="AS3" type="n" /> 
      </script>
      <script name="asx/array/every" mod="1262603186000" signatureChecksum="1571166552" >
        <def id="asx.array:every" /> 
        <dep id="Function" type="s" /> 
        <dep id="Boolean" type="s" /> 
        <dep id="Object" type="s" /> 
        <dep id="AS3" type="n" /> 
      </script>
      <script name="asx/array/inject" mod="1260792472000" signatureChecksum="724900836" >
        <def id="asx.array:inject" /> 
        <dep id="Math" type="e" /> 
        <dep id="int" type="s" /> 
        <dep id="Function" type="s" /> 
        <dep id="Object" type="s" /> 
        <dep id="AS3" type="n" /> 
      </script>
      <script name="mockolate/runner/MockolateRunnerStatement" mod="1285431683000" signatureChecksum="1580292977" >
        <def id="mockolate.runner:MockolateRunnerStatement" /> 
        <dep id="mockolate.runner:MockolateRunnerData" type="s" /> 
        <dep id="AS3" type="n" /> 
        <dep id="org.flexunit.internals.runners.statements:AsyncStatementBase" type="i" /> 
      </script>
      <script name="mockolate/runner/statements/InjectMockInstances" mod="1285431683000" signatureChecksum="2045039971" >
        <def id="mockolate.runner.statements:InjectMockInstances" /> 
        <dep id="org.flexunit.internals.runners:InitializationError" type="e" /> 
        <dep id="mockolate:strict" type="e" /> 
        <dep id="mockolate:nice" type="e" /> 
        <dep id="asx.string:formatToString" type="e" /> 
        <dep id="Error" type="e" /> 
        <dep id="mockolate.runner:MockMetadata" type="s" /> 
        <dep id="mockolate.runner:MockolateRunnerData" type="s" /> 
        <dep id="org.flexunit.token:AsyncTestToken" type="s" /> 
        <dep id="Error" type="s" /> 
        <dep id="AS3" type="n" /> 
        <dep id="org.flexunit.internals.runners.statements:IAsyncStatement" type="i" /> 
        <dep id="mockolate.runner:MockolateRunnerStatement" type="i" /> 
      </script>
      <script name="mockolate/ingredients/faux/FauxFloxyInvocation" mod="1285431683000" signatureChecksum="2977811658" >
        <def id="mockolate.ingredients.faux:FauxFloxyInvocation" /> 
        <dep id="org.flemit.reflection:Type" type="s" /> 
        <dep id="org.flemit.reflection:MethodInfo" type="s" /> 
        <dep id="org.flemit.reflection:PropertyInfo" type="s" /> 
        <dep id="AS3" type="n" /> 
        <dep id="org.floxy:IInvocation" type="i" /> 
        <dep id="Object" type="i" /> 
      </script>
      <script name="org/flemit/reflection/Enum" mod="1275474274000" signatureChecksum="2954198172" >
        <def id="org.flemit.reflection:Enum" /> 
        <dep id="flash.utils:describeType" type="e" /> 
        <dep id="flash.utils:getQualifiedClassName" type="e" /> 
        <dep id="ArgumentError" type="e" /> 
        <dep id="flash.utils:Dictionary" type="e" /> 
        <dep id="XML" type="s" /> 
        <dep id="flash.utils:Dictionary" type="s" /> 
        <dep id="AS3" type="n" /> 
        <dep id="Object" type="i" /> 
      </script>
      <script name="org/flemit/Tag" mod="1275474274000" signatureChecksum="1186941428" >
        <def id="org.flemit:Tag" /> 
        <dep id="flash.errors:IllegalOperationError" type="e" /> 
        <dep id="org.flemit:ISWFOutput" type="s" /> 
        <dep id="org.flemit:ISWFInput" type="s" /> 
        <dep id="AS3" type="n" /> 
        <dep id="Object" type="i" /> 
      </script>
      <script name="org/flemit/tags/EndTag" mod="1275474274000" signatureChecksum="3890495540" >
        <def id="org.flemit.tags:EndTag" /> 
        <dep id="org.flemit:ISWFOutput" type="s" /> 
        <dep id="AS3" type="n" /> 
        <dep id="org.flemit:Tag" type="i" /> 
      </script>
      <script name="mockolate/errors/MockolateError" mod="1276924519000" signatureChecksum="3297399636" >
        <def id="mockolate.errors:MockolateError" /> 
        <dep id="asx.string:substitute" type="e" /> 
        <dep id="mockolate.ingredients:Mockolate" type="s" /> 
        <dep id="AS3" type="n" /> 
        <dep id="Error" type="i" /> 
      </script>
      <script name="mockolate/errors/VerificationError" mod="1276924519000" signatureChecksum="1419861543" >
        <def id="mockolate.errors:VerificationError" /> 
        <dep id="mockolate.ingredients:Mockolate" type="s" /> 
        <dep id="mockolate.ingredients:Verification" type="s" /> 
        <dep id="AS3" type="n" /> 
        <dep id="mockolate.errors:MockolateError" type="i" /> 
      </script>
      <script name="mockolate/ingredients/valueToMatcher" mod="1276924519000" signatureChecksum="1255233583" >
        <def id="mockolate.ingredients:valueToMatcher" /> 
        <dep id="Date" type="e" /> 
        <dep id="Class" type="e" /> 
        <dep id="org.hamcrest:Matcher" type="e" /> 
        <dep id="org.hamcrest.object:equalTo" type="e" /> 
        <dep id="org.hamcrest.object:instanceOf" type="e" /> 
        <dep id="RegExp" type="e" /> 
        <dep id="org.hamcrest.core:anyOf" type="e" /> 
        <dep id="org.hamcrest.date:dateEqual" type="e" /> 
        <dep id="org.hamcrest.text:re" type="e" /> 
        <dep id="org.hamcrest:Matcher" type="s" /> 
        <dep id="AS3" type="n" /> 
      </script>
      <script name="mockolate/expect" mod="1285431683000" signatureChecksum="3432462905" >
        <def id="mockolate:expect" /> 
        <dep id="mockolate.ingredients:MockolatierMaster" type="e" /> 
        <dep id="mockolate.ingredients:ExpectingCouverture" type="s" /> 
        <dep id="AS3" type="n" /> 
      </script>
      <script name="asx/fn/callProperty" mod="1260271170000" signatureChecksum="1351948493" >
        <def id="asx.fn:callProperty" /> 
        <dep id="String" type="s" /> 
        <dep id="Function" type="s" /> 
        <dep id="Object" type="s" /> 
        <dep id="AS3" type="n" /> 
      </script>
      <script name="mockolate/ingredients/constraints/Constraint" mod="1285431683000" signatureChecksum="1088891587" >
        <def id="mockolate.ingredients.constraints:Constraint" /> 
        <dep id="AS3" type="n" /> 
        <dep id="Object" type="i" /> 
      </script>
      <script name="mockolate/ingredients/constraints/InSequenceOrderingConstraint" mod="1285431683000" signatureChecksum="4237579476" >
        <def id="mockolate.ingredients.constraints:InSequenceOrderingConstraint" /> 
        <dep id="mockolate.ingredients:Sequence" type="s" /> 
        <dep id="AS3" type="n" /> 
        <dep id="mockolate.ingredients.constraints:Constraint" type="i" /> 
        <dep id="Object" type="i" /> 
      </script>
      <script name="org/flemit/bytecode/NamespaceInfo" mod="1275474274000" signatureChecksum="1997221808" >
        <def id="org.flemit.bytecode:NamespaceInfo" /> 
        <dep id="AS3" type="n" /> 
        <dep id="Object" type="i" /> 
      </script>
      <script name="org/flemit/util/ClassUtility" mod="1275474274000" signatureChecksum="1303670874" >
        <def id="org.flemit.util:ClassUtility" /> 
        <dep id="flash.utils:getQualifiedClassName" type="e" /> 
        <dep id="flash.errors:IllegalOperationError" type="e" /> 
        <dep id="ArgumentError" type="e" /> 
        <dep id="AS3" type="n" /> 
        <dep id="Object" type="i" /> 
      </script>
      <script name="asx/string/empty" mod="1260271170000" signatureChecksum="2462389858" >
        <def id="asx.string:empty" /> 
        <dep id="String" type="s" /> 
        <dep id="Boolean" type="s" /> 
        <dep id="AS3" type="n" /> 
      </script>
      <script name="asx/fn/partial" mod="1260271170000" signatureChecksum="63903624" >
        <def id="asx.fn:partial" /> 
        <dep id="undefined" type="e" /> 
        <dep id="Math" type="e" /> 
        <dep id="int" type="s" /> 
        <dep id="Function" type="s" /> 
        <dep id="Array" type="s" /> 
        <dep id="AS3" type="n" /> 
      </script>
      <script name="mockolate/ingredients/InvocationsMatcher" mod="1285431683000" signatureChecksum="4289776012" >
        <def id="mockolate.ingredients:InvocationsMatcher" /> 
        <dep id="mockolate.ingredients:InvocationType" type="e" /> 
        <dep id="org.hamcrest.object:equalTo" type="e" /> 
        <dep id="asx.array:map" type="e" /> 
        <dep id="org.hamcrest.collection:arrayWithSize" type="e" /> 
        <dep id="org.hamcrest.object:hasProperties" type="e" /> 
        <dep id="org.hamcrest.collection:emptyArray" type="e" /> 
        <dep id="mockolate.ingredients:MockolatierMaster" type="e" /> 
        <dep id="flash.utils:getQualifiedClassName" type="e" /> 
        <dep id="asx.array:filter" type="e" /> 
        <dep id="org.hamcrest.number:lessThanOrEqualTo" type="e" /> 
        <dep id="org.hamcrest.collection:array" type="e" /> 
        <dep id="org.hamcrest.number:greaterThanOrEqualTo" type="e" /> 
        <dep id="mockolate.ingredients:valueToMatcher" type="e" /> 
        <dep id="mockolate.ingredients:Mockolate" type="s" /> 
        <dep id="org.hamcrest:Description" type="s" /> 
        <dep id="mockolate.ingredients:InvocationType" type="s" /> 
        <dep id="AS3" type="n" /> 
        <dep id="mockolate.ingredients:mockolate_ingredient" type="n" /> 
        <dep id="org.hamcrest:Matcher" type="i" /> 
        <dep id="Object" type="i" /> 
      </script>
      <script name="mockolate/decorations/rpc/FaultAnswer" mod="1285431683000" signatureChecksum="3670512783" >
        <def id="mockolate.decorations.rpc:FaultAnswer" /> 
        <dep id="flash.utils:setTimeout" type="e" /> 
        <dep id="mx.rpc.events:FaultEvent" type="s" /> 
        <dep id="mx.rpc:AsyncToken" type="s" /> 
        <dep id="mockolate.ingredients:Invocation" type="s" /> 
        <dep id="AS3" type="n" /> 
        <dep id="mx.core:mx_internal" type="n" /> 
        <dep id="mockolate.ingredients.answers:Answer" type="i" /> 
        <dep id="Object" type="i" /> 
      </script>
      <script name="mockolate/runner/MockolateRunnerConstants" mod="1285431683000" signatureChecksum="3034334211" >
        <def id="mockolate.runner:MockolateRunnerConstants" /> 
        <dep id="AS3" type="n" /> 
        <dep id="Object" type="i" /> 
      </script>
      <script name="mockolate/ingredients/VerifyingCouverture" mod="1285431683000" signatureChecksum="1717281952" >
        <def id="mockolate.ingredients:VerifyingCouverture" /> 
        <dep id="mockolate.ingredients:InvocationType" type="e" /> 
        <dep id="asx.array:map" type="e" /> 
        <dep id="org.hamcrest.collection:arrayWithSize" type="e" /> 
        <dep id="org.hamcrest.collection:emptyArray" type="e" /> 
        <dep id="flash.utils:getQualifiedClassName" type="e" /> 
        <dep id="asx.array:filter" type="e" /> 
        <dep id="org.hamcrest.number:lessThanOrEqualTo" type="e" /> 
        <dep id="mockolate.ingredients:Verification" type="e" /> 
        <dep id="org.hamcrest.collection:array" type="e" /> 
        <dep id="org.hamcrest.number:greaterThanOrEqualTo" type="e" /> 
        <dep id="mockolate.errors:VerificationError" type="e" /> 
        <dep id="asx.array:empty" type="e" /> 
        <dep id="org.hamcrest.object:hasProperty" type="e" /> 
        <dep id="mockolate.ingredients:valueToMatcher" type="e" /> 
        <dep id="mockolate.ingredients:Mockolate" type="s" /> 
        <dep id="mockolate.ingredients:Verification" type="s" /> 
        <dep id="AS3" type="n" /> 
        <dep id="mockolate.ingredients:mockolate_ingredient" type="n" /> 
        <dep id="mockolate.ingredients:RecordingCouverture" type="i" /> 
      </script>
      <script name="org/flemit/bytecode/IByteCodeLayoutBuilder" mod="1275474274000" signatureChecksum="2421445793" >
        <def id="org.flemit.bytecode:IByteCodeLayoutBuilder" /> 
        <dep id="org.flemit.reflection:Type" type="s" /> 
        <dep id="org.flemit.bytecode:DynamicMethod" type="s" /> 
        <dep id="org.flemit.reflection:MethodInfo" type="s" /> 
        <dep id="org.flemit.bytecode:IByteCodeLayout" type="s" /> 
        <dep id="AS3" type="n" /> 
        <dep id="Object" type="i" /> 
      </script>
      <script name="mockolate/ingredients/proxy/ProxyMockolateFactory" mod="1285431683000" signatureChecksum="2858091304" >
        <def id="mockolate.ingredients.proxy:ProxyMockolateFactory" /> 
        <dep id="flash.errors:IllegalOperationError" type="e" /> 
        <dep id="mockolate.ingredients:Mockolate" type="e" /> 
        <dep id="flash.events:IEventDispatcher" type="s" /> 
        <dep id="mockolate.ingredients:Mockolate" type="s" /> 
        <dep id="AS3" type="n" /> 
        <dep id="mockolate.ingredients:mockolate_ingredient" type="n" /> 
        <dep id="mockolate.ingredients:IMockolateFactory" type="i" /> 
        <dep id="mockolate.ingredients:AbstractMockolateFactory" type="i" /> 
      </script>
      <script name="mockolate/ingredients/ExpectingCouverture" mod="1285431683000" signatureChecksum="3557143657" >
        <def id="mockolate.ingredients:ExpectingCouverture" /> 
        <dep id="mockolate.ingredients:InvocationType" type="e" /> 
        <dep id="mockolate.ingredients:Mockolate" type="s" /> 
        <dep id="mockolate.ingredients:Invocation" type="s" /> 
        <dep id="AS3" type="n" /> 
        <dep id="mockolate.ingredients:mockolate_ingredient" type="n" /> 
        <dep id="mockolate.ingredients:IMockingCouverture" type="i" /> 
        <dep id="mockolate.ingredients:MockingCouvertureProxy" type="i" /> 
      </script>
      <script name="org/flemit/bytecode/IEqualityComparable" mod="1275474274000" signatureChecksum="406005076" >
        <def id="org.flemit.bytecode:IEqualityComparable" /> 
        <dep id="AS3" type="n" /> 
        <dep id="Object" type="i" /> 
      </script>
      <script name="org/flemit/bytecode/NamespaceSet" mod="1275474274000" signatureChecksum="3086566640" >
        <def id="org.flemit.bytecode:NamespaceSet" /> 
        <dep id="AS3" type="n" /> 
        <dep id="Object" type="i" /> 
        <dep id="org.flemit.bytecode:IEqualityComparable" type="i" /> 
      </script>
      <script name="mockolate/strict" mod="1285431683000" signatureChecksum="3826788869" >
        <def id="mockolate:strict" /> 
        <dep id="mockolate.ingredients:MockolatierMaster" type="e" /> 
        <dep id="String" type="s" /> 
        <dep id="Class" type="s" /> 
        <dep id="Array" type="s" /> 
        <dep id="AS3" type="n" /> 
      </script>
      <script name="mockolate/stub" mod="1276924519000" signatureChecksum="1866545072" >
        <def id="mockolate:stub" /> 
        <dep id="mockolate.ingredients:MockolatierMaster" type="e" /> 
        <dep id="mockolate.ingredients:MockingCouverture" type="s" /> 
        <dep id="AS3" type="n" /> 
      </script>
      <script name="org/flemit/bytecode/MethodFlags" mod="1275474274000" signatureChecksum="1979145441" >
        <def id="org.flemit.bytecode:MethodFlags" /> 
        <dep id="AS3" type="n" /> 
        <dep id="Object" type="i" /> 
      </script>
      <script name="org/flemit/tags/DoABCTag" mod="1275474274000" signatureChecksum="2043242529" >
        <def id="org.flemit.tags:DoABCTag" /> 
        <dep id="flash.utils:ByteArray" type="e" /> 
        <dep id="org.flemit:ISWFOutput" type="s" /> 
        <dep id="org.flemit:ISWFInput" type="s" /> 
        <dep id="flash.utils:ByteArray" type="s" /> 
        <dep id="org.flemit.bytecode:IByteCodeLayout" type="s" /> 
        <dep id="AS3" type="n" /> 
        <dep id="org.flemit:Tag" type="i" /> 
      </script>
      <script name="mockolate/ingredients/faux/FauxInvocation" mod="1285431683000" signatureChecksum="2769729015" >
        <def id="mockolate.ingredients.faux:FauxInvocation" /> 
        <dep id="mockolate.ingredients:InvocationType" type="e" /> 
        <dep id="asx.string:formatToString" type="e" /> 
        <dep id="mockolate.ingredients:InvocationType" type="s" /> 
        <dep id="AS3" type="n" /> 
        <dep id="mockolate.ingredients:Invocation" type="i" /> 
        <dep id="Object" type="i" /> 
      </script>
      <script name="mockolate/sequence" mod="1276924519000" signatureChecksum="3914084810" >
        <def id="mockolate:sequence" /> 
        <dep id="mockolate.ingredients:Sequence" type="e" /> 
        <dep id="String" type="s" /> 
        <dep id="AS3" type="n" /> 
      </script>
      <script name="org/flemit/bytecode/InstructionArgumentType" mod="1275474274000" signatureChecksum="3361243185" >
        <def id="org.flemit.bytecode:InstructionArgumentType" /> 
        <dep id="AS3" type="n" /> 
        <dep id="Object" type="i" /> 
      </script>
      <script name="mockolate/runner/MockolateRunnerData" mod="1285431683000" signatureChecksum="1068657767" >
        <def id="mockolate.runner:MockolateRunnerData" /> 
        <dep id="mockolate.runner:MockMetadata" type="e" /> 
        <dep id="Object" type="e" /> 
        <dep id="org.flexunit.runners.model:FrameworkMethod" type="s" /> 
        <dep id="AS3" type="n" /> 
        <dep id="Object" type="i" /> 
      </script>
      <script name="org/flemit/ISWFOutput" mod="1275474274000" signatureChecksum="2078705728" >
        <def id="org.flemit:ISWFOutput" /> 
        <dep id="flash.utils:ByteArray" type="s" /> 
        <dep id="AS3" type="n" /> 
        <dep id="Object" type="i" /> 
      </script>
      <script name="org/flemit/SWFOutput" mod="1275474274000" signatureChecksum="3816988349" >
        <def id="org.flemit:SWFOutput" /> 
        <dep id="flash.utils:ByteArray" type="e" /> 
        <dep id="flash.utils:Endian" type="e" /> 
        <dep id="flash.utils:ByteArray" type="s" /> 
        <dep id="flash.utils:IDataOutput" type="s" /> 
        <dep id="AS3" type="n" /> 
        <dep id="org.flemit:ISWFOutput" type="i" /> 
        <dep id="Object" type="i" /> 
      </script>
      <script name="org/flemit/bytecode/Multiname" mod="1275474274000" signatureChecksum="1357726380" >
        <def id="org.flemit.bytecode:Multiname" /> 
        <dep id="org.flemit.util:ClassUtility" type="e" /> 
        <dep id="AS3" type="n" /> 
        <dep id="Object" type="i" /> 
        <dep id="org.flemit.bytecode:IEqualityComparable" type="i" /> 
      </script>
      <script name="org/flemit/bytecode/GenericName" mod="1275474274000" signatureChecksum="1427460414" >
        <def id="org.flemit.bytecode:GenericName" /> 
        <dep id="org.flemit.bytecode:MultinameKind" type="s" /> 
        <dep id="AS3" type="n" /> 
        <dep id="org.flemit.bytecode:Multiname" type="i" /> 
      </script>
      <script name="mockolate/ingredients/Capture" mod="1285431683000" signatureChecksum="2784267369" >
        <def id="mockolate.ingredients:Capture" /> 
        <dep id="mockolate.errors:CaptureError" type="e" /> 
        <dep id="mockolate.ingredients:CaptureType" type="e" /> 
        <dep id="AS3" type="n" /> 
        <dep id="Object" type="i" /> 
      </script>
      <script name="mockolate/expectArg" mod="1285431683000" signatureChecksum="2415997858" >
        <def id="mockolate:expectArg" /> 
        <dep id="mockolate.ingredients:MockolatierMaster" type="e" /> 
        <dep id="AS3" type="n" /> 
      </script>
      <script name="mockolate/ingredients/Mockolatier" mod="1285431683000" signatureChecksum="2907815072" >
        <def id="mockolate.ingredients:Mockolatier" /> 
        <dep id="org.hamcrest.collection:emptyArray" type="e" /> 
        <dep id="flash.utils:setTimeout" type="e" /> 
        <dep id="flash.events:Event" type="e" /> 
        <dep id="ArgumentError" type="e" /> 
        <dep id="org.hamcrest.collection:everyItem" type="e" /> 
        <dep id="asx.array:flatten" type="e" /> 
        <dep id="mockolate.ingredients.floxy:FloxyMockolateFactory" type="e" /> 
        <dep id="org.hamcrest.core:isA" type="e" /> 
        <dep id="flash.system:ApplicationDomain" type="e" /> 
        <dep id="flash.utils:Dictionary" type="e" /> 
        <dep id="org.hamcrest.core:not" type="e" /> 
        <dep id="mockolate.errors:MockolateError" type="e" /> 
        <dep id="mockolate.ingredients:IMockolateFactory" type="s" /> 
        <dep id="flash.events:Event" type="s" /> 
        <dep id="mockolate.ingredients:ExpectingCouverture" type="s" /> 
        <dep id="flash.events:IEventDispatcher" type="s" /> 
        <dep id="mockolate.ingredients:Mockolate" type="s" /> 
        <dep id="mockolate.ingredients:VerifyingCouverture" type="s" /> 
        <dep id="org.hamcrest:Matcher" type="s" /> 
        <dep id="mockolate.ingredients:MockingCouverture" type="s" /> 
        <dep id="mockolate.ingredients:Invocation" type="s" /> 
        <dep id="flash.system:ApplicationDomain" type="s" /> 
        <dep id="flash.utils:Dictionary" type="s" /> 
        <dep id="AS3" type="n" /> 
        <dep id="mockolate.ingredients:mockolate_ingredient" type="n" /> 
        <dep id="flash.events:EventDispatcher" type="i" /> 
      </script>
      <script name="mockolate/decorations/InvocationDecorator" mod="1276924519000" signatureChecksum="3868269395" >
        <def id="mockolate.decorations:InvocationDecorator" /> 
        <dep id="AS3" type="n" /> 
        <dep id="Object" type="i" /> 
      </script>
      <script name="org/flemit/bytecode/DynamicMethod" mod="1275474274000" signatureChecksum="1377923095" >
        <def id="org.flemit.bytecode:DynamicMethod" /> 
        <dep id="org.flemit.reflection:MethodInfo" type="s" /> 
        <dep id="AS3" type="n" /> 
        <dep id="Object" type="i" /> 
      </script>
      <script name="org/floxy/GUID" mod="1275474267000" signatureChecksum="1189291992" >
        <def id="org.floxy:GUID" /> 
        <dep id="flash.system:System" type="e" /> 
        <dep id="Date" type="e" /> 
        <dep id="Math" type="e" /> 
        <dep id="Date" type="s" /> 
        <dep id="AS3" type="n" /> 
        <dep id="Object" type="i" /> 
      </script>
      <script name="asx/array/length" mod="1263091551000" signatureChecksum="890049704" >
        <def id="asx.array:length" /> 
        <dep id="int" type="e" /> 
        <dep id="Function" type="e" /> 
        <dep id="XML" type="e" /> 
        <dep id="XMLList" type="e" /> 
        <dep id="int" type="s" /> 
        <dep id="Object" type="s" /> 
        <dep id="AS3" type="n" /> 
      </script>
      <script name="mockolate/ingredients/answers/ReturnsValueAnswer" mod="1285431683000" signatureChecksum="150946329" >
        <def id="mockolate.ingredients.answers:ReturnsValueAnswer" /> 
        <dep id="mockolate.ingredients:Invocation" type="s" /> 
        <dep id="AS3" type="n" /> 
        <dep id="mockolate.ingredients.answers:Answer" type="i" /> 
        <dep id="Object" type="i" /> 
      </script>
      <script name="mockolate/errors/InvocationError" mod="1276924519000" signatureChecksum="4249180529" >
        <def id="mockolate.errors:InvocationError" /> 
        <dep id="mockolate.ingredients:Mockolate" type="s" /> 
        <dep id="mockolate.ingredients:Invocation" type="s" /> 
        <dep id="AS3" type="n" /> 
        <dep id="mockolate.errors:MockolateError" type="i" /> 
      </script>
      <script name="mockolate/replay" mod="1285431683000" signatureChecksum="3563790737" >
        <def id="mockolate:replay" /> 
        <dep id="mockolate.ingredients:MockolatierMaster" type="e" /> 
        <dep id="AS3" type="n" /> 
      </script>
      <script name="asx/array/detect" mod="1275483545000" signatureChecksum="3583515155" >
        <def id="asx.array:detect" /> 
        <dep id="Function" type="s" /> 
        <dep id="Object" type="s" /> 
        <dep id="AS3" type="n" /> 
      </script>
      <script name="org/flemit/SWFWriter" mod="1275474274000" signatureChecksum="845174548" >
        <def id="org.flemit:SWFWriter" /> 
        <dep id="flash.utils:ByteArray" type="e" /> 
        <dep id="flash.utils:Endian" type="e" /> 
        <dep id="org.flemit:SWFOutput" type="e" /> 
        <dep id="org.flemit:Tag" type="s" /> 
        <dep id="org.flemit:SWFHeader" type="s" /> 
        <dep id="org.flemit:ISWFOutput" type="s" /> 
        <dep id="flash.utils:ByteArray" type="s" /> 
        <dep id="flash.utils:IDataOutput" type="s" /> 
        <dep id="org.flemit:SWFOutput" type="s" /> 
        <dep id="AS3" type="n" /> 
        <dep id="Object" type="i" /> 
      </script>
      <script name="org/flemit/reflection/TypeNotFoundError" mod="1275474274000" signatureChecksum="1981098165" >
        <def id="org.flemit.reflection:TypeNotFoundError" /> 
        <dep id="AS3" type="n" /> 
        <dep id="Error" type="i" /> 
      </script>
      <script name="org/flemit/tags/ShowFrameTag" mod="1275474274000" signatureChecksum="539510046" >
        <def id="org.flemit.tags:ShowFrameTag" /> 
        <dep id="org.flemit:ISWFOutput" type="s" /> 
        <dep id="AS3" type="n" /> 
        <dep id="org.flemit:Tag" type="i" /> 
      </script>
      <script name="asx/fn/getProperty" mod="1260271170000" signatureChecksum="3377469339" >
        <def id="asx.fn:getProperty" /> 
        <dep id="String" type="s" /> 
        <dep id="Function" type="s" /> 
        <dep id="Object" type="s" /> 
        <dep id="AS3" type="n" /> 
      </script>
      <script name="mockolate/decorations/rpc/ResultAnswer" mod="1285431683000" signatureChecksum="1539151515" >
        <def id="mockolate.decorations.rpc:ResultAnswer" /> 
        <dep id="flash.utils:setTimeout" type="e" /> 
        <dep id="mx.rpc.events:ResultEvent" type="s" /> 
        <dep id="mx.rpc:AsyncToken" type="s" /> 
        <dep id="mockolate.ingredients:Invocation" type="s" /> 
        <dep id="AS3" type="n" /> 
        <dep id="mx.core:mx_internal" type="n" /> 
        <dep id="mockolate.ingredients.answers:Answer" type="i" /> 
        <dep id="Object" type="i" /> 
      </script>
      <script name="mockolate/decorations/Decorator" mod="1285431683000" signatureChecksum="3709440100" >
        <def id="mockolate.decorations:Decorator" /> 
        <dep id="mockolate.ingredients:Mockolate" type="s" /> 
        <dep id="mockolate.ingredients:Invocation" type="s" /> 
        <dep id="mockolate.ingredients:MockingCouverture" type="s" /> 
        <dep id="AS3" type="n" /> 
        <dep id="mockolate.ingredients:mockolate_ingredient" type="n" /> 
        <dep id="Object" type="i" /> 
      </script>
      <script name="org/flemit/bytecode/MultipleNamespaceName" mod="1275474274000" signatureChecksum="640442068" >
        <def id="org.flemit.bytecode:MultipleNamespaceName" /> 
        <dep id="org.flemit.bytecode:NamespaceSet" type="s" /> 
        <dep id="org.flemit.bytecode:MultinameKind" type="s" /> 
        <dep id="AS3" type="n" /> 
        <dep id="org.flemit.bytecode:Multiname" type="i" /> 
      </script>
      <script name="mockolate/runner/statements/PrepareMockClasses" mod="1285431683000" signatureChecksum="1289353320" >
        <def id="mockolate.runner.statements:PrepareMockClasses" /> 
        <dep id="flash.events:Event" type="e" /> 
        <dep id="mockolate:prepare" type="e" /> 
        <dep id="asx.array:compact" type="e" /> 
        <dep id="org.flexunit.internals.runners:InitializationError" type="e" /> 
        <dep id="asx.array:pluck" type="e" /> 
        <dep id="asx.string:formatToString" type="e" /> 
        <dep id="Error" type="e" /> 
        <dep id="asx.array:unique" type="e" /> 
        <dep id="flash.events:Event" type="s" /> 
        <dep id="flash.events:IEventDispatcher" type="s" /> 
        <dep id="mockolate.runner:MockolateRunnerData" type="s" /> 
        <dep id="org.flexunit.token:AsyncTestToken" type="s" /> 
        <dep id="Error" type="s" /> 
        <dep id="AS3" type="n" /> 
        <dep id="org.flexunit.internals.runners.statements:IAsyncStatement" type="i" /> 
        <dep id="mockolate.runner:MockolateRunnerStatement" type="i" /> 
      </script>
      <script name="mockolate/runner/statements/VerifyMockInstances" mod="1285431683000" signatureChecksum="1684728365" >
        <def id="mockolate.runner.statements:VerifyMockInstances" /> 
        <dep id="mockolate.runner:MockolateRunnerConstants" type="e" /> 
        <dep id="mockolate:verify" type="e" /> 
        <dep id="asx.string:formatToString" type="e" /> 
        <dep id="org.flexunit.constants:AnnotationConstants" type="e" /> 
        <dep id="mockolate.errors:MockolateError" type="e" /> 
        <dep id="mockolate.runner:MockolateRunnerData" type="s" /> 
        <dep id="org.flexunit.token:AsyncTestToken" type="s" /> 
        <dep id="Error" type="s" /> 
        <dep id="mockolate.errors:MockolateError" type="s" /> 
        <dep id="AS3" type="n" /> 
        <dep id="org.flexunit.internals.runners.statements:IAsyncStatement" type="i" /> 
        <dep id="mockolate.runner:MockolateRunnerStatement" type="i" /> 
      </script>
      <script name="org/flemit/tags/FrameLabelTag" mod="1275474274000" signatureChecksum="3081656608" >
        <def id="org.flemit.tags:FrameLabelTag" /> 
        <dep id="org.flemit:ISWFOutput" type="s" /> 
        <dep id="AS3" type="n" /> 
        <dep id="org.flemit:Tag" type="i" /> 
      </script>
      <script name="asx/array/filter" mod="1262770733000" signatureChecksum="1137252594" >
        <def id="asx.array:filter" /> 
        <dep id="asx.array:select" type="e" /> 
        <dep id="Function" type="s" /> 
        <dep id="Array" type="s" /> 
        <dep id="Object" type="s" /> 
        <dep id="AS3" type="n" /> 
      </script>
      <script name="mockolate/errors/ExpectationError" mod="1276924519000" signatureChecksum="525490006" >
        <def id="mockolate.errors:ExpectationError" /> 
        <dep id="mockolate.ingredients:Mockolate" type="s" /> 
        <dep id="AS3" type="n" /> 
        <dep id="mockolate.errors:MockolateError" type="i" /> 
      </script>
      <script name="asx/array/flatten" mod="1260271170000" signatureChecksum="1602098544" >
        <def id="asx.array:flatten" /> 
        <dep id="asx.array:inject" type="e" /> 
        <dep id="Array" type="e" /> 
        <dep id="Array" type="s" /> 
        <dep id="Object" type="s" /> 
        <dep id="AS3" type="n" /> 
      </script>
      <script name="asx/string/formatToString" mod="1264304404000" signatureChecksum="4062980216" >
        <def id="asx.string:formatToString" /> 
        <dep id="asx.fn:partial" type="e" /> 
        <dep id="asx.string:substitute" type="e" /> 
        <dep id="String" type="e" /> 
        <dep id="asx.fn:_" type="e" /> 
        <dep id="Array" type="e" /> 
        <dep id="asx.array:map" type="e" /> 
        <dep id="String" type="s" /> 
        <dep id="Array" type="s" /> 
        <dep id="Object" type="s" /> 
        <dep id="AS3" type="n" /> 
      </script>
      <script name="org/flemit/SWFHeader" mod="1275474274000" signatureChecksum="1372285449" >
        <def id="org.flemit:SWFHeader" /> 
        <dep id="AS3" type="n" /> 
        <dep id="Object" type="i" /> 
      </script>
      <script name="mockolate/ingredients/Sequence" mod="1276924519000" signatureChecksum="3651571753" >
        <def id="mockolate.ingredients:Sequence" /> 
        <dep id="mockolate.ingredients.constraints:InSequenceOrderingConstraint" type="e" /> 
        <dep id="mockolate.ingredients:Expectation" type="e" /> 
        <dep id="asx.fn:getProperty" type="e" /> 
        <dep id="asx.array:every" type="e" /> 
        <dep id="mockolate.ingredients:Expectation" type="s" /> 
        <dep id="AS3" type="n" /> 
        <dep id="Object" type="i" /> 
      </script>
      <script name="org/flemit/tags/ScriptLimitsTag" mod="1275474274000" signatureChecksum="2171501952" >
        <def id="org.flemit.tags:ScriptLimitsTag" /> 
        <dep id="org.flemit:ISWFOutput" type="s" /> 
        <dep id="AS3" type="n" /> 
        <dep id="org.flemit:Tag" type="i" /> 
      </script>
      <script name="org/flemit/bytecode/RuntimeQualifiedName" mod="1275474274000" signatureChecksum="3486991289" >
        <def id="org.flemit.bytecode:RuntimeQualifiedName" /> 
        <dep id="org.flemit.bytecode:MultinameKind" type="s" /> 
        <dep id="AS3" type="n" /> 
        <dep id="org.flemit.bytecode:Multiname" type="i" /> 
      </script>
      <script name="mockolate/ingredients/faux/FauxMockolatier" mod="1285431683000" signatureChecksum="3889468561" >
        <def id="mockolate.ingredients.faux:FauxMockolatier" /> 
        <dep id="mockolate.ingredients:Invocation" type="s" /> 
        <dep id="AS3" type="n" /> 
        <dep id="mockolate.ingredients:mockolate_ingredient" type="n" /> 
        <dep id="mockolate.ingredients:Mockolatier" type="i" /> 
      </script>
      <script name="mockolate/runner/MockolateRule" mod="1285431683000" signatureChecksum="2279626717" >
        <def id="mockolate.runner:MockolateRule" /> 
        <dep id="org.flexunit.internals.runners.statements:StatementSequencer" type="e" /> 
        <dep id="mockolate.runner.statements:IdentifyMockClasses" type="e" /> 
        <dep id="mockolate:strict" type="e" /> 
        <dep id="mockolate:nice" type="e" /> 
        <dep id="mockolate.runner.statements:InjectMockInstances" type="e" /> 
        <dep id="mockolate.runner:MockolateRunnerData" type="e" /> 
        <dep id="mockolate.runner.statements:PrepareMockClasses" type="e" /> 
        <dep id="mockolate.runner.statements:VerifyMockInstances" type="e" /> 
        <dep id="org.flexunit.internals.runners.statements:StatementSequencer" type="s" /> 
        <dep id="org.flexunit.internals.runners.statements:IAsyncStatement" type="s" /> 
        <dep id="mockolate.runner:MockolateRunnerData" type="s" /> 
        <dep id="org.flexunit.token:AsyncTestToken" type="s" /> 
        <dep id="org.flexunit.runners.model:FrameworkMethod" type="s" /> 
        <dep id="AS3" type="n" /> 
        <dep id="org.flexunit.rules:IMethodRule" type="i" /> 
        <dep id="org.flexunit.internals.runners.statements:MethodRuleBase" type="i" /> 
      </script>
      <script name="mockolate/decorations/EventDispatcherDecorator" mod="1285431683000" signatureChecksum="1747988671" >
        <def id="mockolate.decorations:EventDispatcherDecorator" /> 
        <dep id="flash.events:IEventDispatcher" type="e" /> 
        <dep id="flash.events:EventDispatcher" type="e" /> 
        <dep id="mockolate.ingredients:InvocationType" type="e" /> 
        <dep id="mockolate.ingredients.answers:MethodInvokingAnswer" type="e" /> 
        <dep id="flash.display:DisplayObject" type="e" /> 
        <dep id="asx.array:contains" type="e" /> 
        <dep id="mockolate.errors:MockolateError" type="e" /> 
        <dep id="flash.events:IEventDispatcher" type="s" /> 
        <dep id="mockolate.ingredients:Mockolate" type="s" /> 
        <dep id="mockolate.ingredients:Invocation" type="s" /> 
        <dep id="AS3" type="n" /> 
        <dep id="mockolate.ingredients:mockolate_ingredient" type="n" /> 
        <dep id="mockolate.decorations:Decorator" type="i" /> 
        <dep id="mockolate.decorations:InvocationDecorator" type="i" /> 
      </script>
      <script name="_2d9fd78312d8eb2517be6b2dc75999d80767f9359afdb53ca7f7f5653b98ebfc_flash_display_Sprite" mod="1285431694491" signatureChecksum="1166900155" >
        <def id="_2d9fd78312d8eb2517be6b2dc75999d80767f9359afdb53ca7f7f5653b98ebfc_flash_display_Sprite" /> 
        <dep id="flash.system:Security" type="e" /> 
        <dep id="AS3" type="n" /> 
        <dep id="flash.display:Sprite" type="i" /> 
      </script>
      <script name="asx/number/bound" mod="1260271170000" signatureChecksum="4194966338" >
        <def id="asx.number:bound" /> 
        <dep id="Math" type="e" /> 
        <dep id="Number" type="s" /> 
        <dep id="AS3" type="n" /> 
      </script>
      <script name="org/flemit/tags/SetBackgroundColorTag" mod="1275474274000" signatureChecksum="3965235" >
        <def id="org.flemit.tags:SetBackgroundColorTag" /> 
        <dep id="org.flemit:ISWFOutput" type="s" /> 
        <dep id="AS3" type="n" /> 
        <dep id="org.flemit:Tag" type="i" /> 
      </script>
      <script name="asx/fn/_" mod="1260271170000" signatureChecksum="1290604185" >
        <def id="asx.fn:_" /> 
        <dep id="undefined" type="e" /> 
        <dep id="AS3" type="n" /> 
      </script>
      <script name="asx/array/select" mod="1260795412000" signatureChecksum="1129715948" >
        <def id="asx.array:select" /> 
        <dep id="Function" type="s" /> 
        <dep id="Array" type="s" /> 
        <dep id="Object" type="s" /> 
        <dep id="AS3" type="n" /> 
      </script>
      <script name="mockolate/ingredients/InvocationType" mod="1276924519000" signatureChecksum="576024992" >
        <def id="mockolate.ingredients:InvocationType" /> 
        <dep id="AS3" type="n" /> 
        <dep id="Object" type="i" /> 
      </script>
      <script name="org/flemit/bytecode/IByteCodeWriter" mod="1275474274000" signatureChecksum="1429833077" >
        <def id="org.flemit.bytecode:IByteCodeWriter" /> 
        <dep id="flash.utils:ByteArray" type="s" /> 
        <dep id="AS3" type="n" /> 
        <dep id="Object" type="i" /> 
      </script>
      <script name="asx/string/substitute" mod="1260271170000" signatureChecksum="1749424412" >
        <def id="asx.string:substitute" /> 
        <dep id="String" type="e" /> 
        <dep id="int" type="e" /> 
        <dep id="Array" type="e" /> 
        <dep id="asx.string:empty" type="e" /> 
        <dep id="int" type="s" /> 
        <dep id="String" type="s" /> 
        <dep id="RegExp" type="s" /> 
        <dep id="AS3" type="n" /> 
      </script>
      <script name="mockolate/ingredients/proxy/ProxyInvocation" mod="1285431683000" signatureChecksum="2049752276" >
        <def id="mockolate.ingredients.proxy:ProxyInvocation" /> 
        <dep id="flash.errors:IllegalOperationError" type="e" /> 
        <dep id="mockolate.ingredients:InvocationType" type="e" /> 
        <dep id="mockolate.ingredients:InvocationType" type="s" /> 
        <dep id="AS3" type="n" /> 
        <dep id="mockolate.ingredients:Invocation" type="i" /> 
        <dep id="Object" type="i" /> 
      </script>
      <script name="org/flemit/bytecode/TraitKind" mod="1275474274000" signatureChecksum="2800506482" >
        <def id="org.flemit.bytecode:TraitKind" /> 
        <dep id="AS3" type="n" /> 
        <dep id="Object" type="i" /> 
      </script>
      <script name="mockolate/capture" mod="1285431683000" signatureChecksum="3831182518" >
        <def id="mockolate:capture" /> 
        <dep id="mockolate.ingredients:CaptureMatcher" type="e" /> 
        <dep id="mockolate.ingredients:CaptureMatcher" type="s" /> 
        <dep id="mockolate.ingredients:Capture" type="s" /> 
        <dep id="AS3" type="n" /> 
      </script>
      <script name="asx/array/compact" mod="1260793069000" signatureChecksum="1954813377" >
        <def id="asx.array:compact" /> 
        <dep id="Array" type="s" /> 
        <dep id="Object" type="s" /> 
        <dep id="AS3" type="n" /> 
      </script>
      <script name="mockolate/ingredients/IMockingMethodCouverture" mod="1285431683000" signatureChecksum="2468242227" >
        <def id="mockolate.ingredients:IMockingMethodCouverture" /> 
        <dep id="AS3" type="n" /> 
        <dep id="mockolate.ingredients:IMockingCouverture" type="i" /> 
        <dep id="Object" type="i" /> 
      </script>
      <script name="mockolate/ingredients/answers/ThrowsAnswer" mod="1276924519000" signatureChecksum="109788967" >
        <def id="mockolate.ingredients.answers:ThrowsAnswer" /> 
        <dep id="mockolate.ingredients:Invocation" type="s" /> 
        <dep id="Error" type="s" /> 
        <dep id="AS3" type="n" /> 
        <dep id="mockolate.ingredients.answers:Answer" type="i" /> 
        <dep id="Object" type="i" /> 
      </script>
      <script name="mockolate/nice" mod="1285431683000" signatureChecksum="2236688651" >
        <def id="mockolate:nice" /> 
        <dep id="mockolate.ingredients:MockolatierMaster" type="e" /> 
        <dep id="String" type="s" /> 
        <dep id="Class" type="s" /> 
        <dep id="Array" type="s" /> 
        <dep id="AS3" type="n" /> 
      </script>
      <script name="mockolate/runner/MockolateRunner" mod="1285431683000" signatureChecksum="1250104047" >
        <def id="mockolate.runner:MockolateRunner" /> 
        <dep id="org.flexunit.internals.runners.statements:StatementSequencer" type="e" /> 
        <dep id="mockolate.runner.statements:IdentifyMockClasses" type="e" /> 
        <dep id="trace" type="e" /> 
        <dep id="mockolate.runner.statements:InjectMockInstances" type="e" /> 
        <dep id="mockolate.runner:MockolateRunnerData" type="e" /> 
        <dep id="mockolate.runner.statements:PrepareMockClasses" type="e" /> 
        <dep id="mockolate.runner.statements:VerifyMockInstances" type="e" /> 
        <dep id="org.flexunit.internals.runners.statements:Fail" type="e" /> 
        <dep id="Error" type="e" /> 
        <dep id="org.flexunit.internals.runners.statements:StatementSequencer" type="s" /> 
        <dep id="org.flexunit.internals.runners.statements:IAsyncStatement" type="s" /> 
        <dep id="mockolate.runner:MockolateRunnerData" type="s" /> 
        <dep id="org.flexunit.runners.model:FrameworkMethod" type="s" /> 
        <dep id="Error" type="s" /> 
        <dep id="AS3" type="n" /> 
        <dep id="org.flexunit.runners:BlockFlexUnit4ClassRunner" type="i" /> 
      </script>
      <script name="org/flemit/reflection/MemberVisibility" mod="1275474274000" signatureChecksum="3537778735" >
        <def id="org.flemit.reflection:MemberVisibility" /> 
        <dep id="AS3" type="n" /> 
        <dep id="Object" type="i" /> 
      </script>
      <script name="mockolate/ingredients/MockingGetterCouverture" mod="1285431683000" signatureChecksum="406021287" >
        <def id="mockolate.ingredients:MockingGetterCouverture" /> 
        <dep id="mockolate.ingredients:IMockingCouverture" type="s" /> 
        <dep id="mockolate.ingredients:Mockolate" type="s" /> 
        <dep id="AS3" type="n" /> 
        <dep id="mockolate.ingredients:IMockingGetterCouverture" type="i" /> 
        <dep id="mockolate.ingredients:MockingCouvertureProxy" type="i" /> 
      </script>
      <script name="org/flemit/bytecode/MultipleNamespaceNameLate" mod="1275474274000" signatureChecksum="1627996508" >
        <def id="org.flemit.bytecode:MultipleNamespaceNameLate" /> 
        <dep id="org.flemit.bytecode:NamespaceSet" type="s" /> 
        <dep id="org.flemit.bytecode:MultinameKind" type="s" /> 
        <dep id="AS3" type="n" /> 
        <dep id="org.flemit.bytecode:Multiname" type="i" /> 
      </script>
      <script name="mockolate/ingredients/MockolatierMaster" mod="1285431683000" signatureChecksum="783547461" >
        <def id="mockolate.ingredients:MockolatierMaster" /> 
        <dep id="mockolate.ingredients:Mockolatier" type="e" /> 
        <dep id="mockolate.ingredients:ExpectingCouverture" type="s" /> 
        <dep id="flash.events:IEventDispatcher" type="s" /> 
        <dep id="mockolate.ingredients:Mockolate" type="s" /> 
        <dep id="mockolate.ingredients:VerifyingCouverture" type="s" /> 
        <dep id="mockolate.ingredients:Mockolatier" type="s" /> 
        <dep id="mockolate.ingredients:MockingCouverture" type="s" /> 
        <dep id="AS3" type="n" /> 
        <dep id="mockolate.ingredients:mockolate_ingredient" type="n" /> 
        <dep id="Object" type="i" /> 
      </script>
      <script name="mockolate/runner/statements/IdentifyMockClasses" mod="1285431683000" signatureChecksum="2110326099" >
        <def id="mockolate.runner.statements:IdentifyMockClasses" /> 
        <dep id="flash.utils:getQualifiedClassName" type="e" /> 
        <dep id="org.flexunit.internals.runners:InitializationError" type="e" /> 
        <dep id="mockolate.runner:MockMetadata" type="e" /> 
        <dep id="flex.lang.reflect:Klass" type="e" /> 
        <dep id="mockolate.runner:MockolateRunnerConstants" type="e" /> 
        <dep id="asx.string:formatToString" type="e" /> 
        <dep id="flash.system:ApplicationDomain" type="e" /> 
        <dep id="Error" type="e" /> 
        <dep id="mockolate.runner:MockMetadata" type="s" /> 
        <dep id="flex.lang.reflect:Klass" type="s" /> 
        <dep id="mockolate.runner:MockolateRunnerData" type="s" /> 
        <dep id="org.flexunit.token:AsyncTestToken" type="s" /> 
        <dep id="flex.lang.reflect:Field" type="s" /> 
        <dep id="Error" type="s" /> 
        <dep id="AS3" type="n" /> 
        <dep id="org.flexunit.internals.runners.statements:IAsyncStatement" type="i" /> 
        <dep id="mockolate.runner:MockolateRunnerStatement" type="i" /> 
      </script>
      <script name="mockolate/ingredients/CaptureType" mod="1285431683000" signatureChecksum="1976516460" >
        <def id="mockolate.ingredients:CaptureType" /> 
        <dep id="AS3" type="n" /> 
        <dep id="Object" type="i" /> 
      </script>
      <script name="asx/array/unique" mod="1263202588000" signatureChecksum="1930828027" >
        <def id="asx.array:unique" /> 
        <dep id="asx.array:inject" type="e" /> 
        <dep id="Array" type="e" /> 
        <dep id="asx.array:contains" type="e" /> 
        <dep id="String" type="s" /> 
        <dep id="Function" type="s" /> 
        <dep id="Array" type="s" /> 
        <dep id="Object" type="s" /> 
        <dep id="AS3" type="n" /> 
      </script>
      <script name="mockolate/verify" mod="1276924519000" signatureChecksum="3381410397" >
        <def id="mockolate:verify" /> 
        <dep id="mockolate.ingredients:MockolatierMaster" type="e" /> 
        <dep id="mockolate.ingredients:VerifyingCouverture" type="s" /> 
        <dep id="AS3" type="n" /> 
      </script>
      <script name="mockolate/decorations/rpc/HTTPServiceDecorator" mod="1285431683000" signatureChecksum="1337992164" >
        <def id="mockolate.decorations.rpc:HTTPServiceDecorator" /> 
        <dep id="mx.rpc.events:FaultEvent" type="e" /> 
        <dep id="mx.rpc:Fault" type="e" /> 
        <dep id="mx.rpc.events:ResultEvent" type="e" /> 
        <dep id="mockolate.decorations.rpc:FaultAnswer" type="e" /> 
        <dep id="org.hamcrest:Matcher" type="e" /> 
        <dep id="mx.rpc:AsyncToken" type="e" /> 
        <dep id="org.hamcrest.object:equalTo" type="e" /> 
        <dep id="mockolate.errors:MockolateError" type="e" /> 
        <dep id="org.hamcrest.object:hasProperties" type="e" /> 
        <dep id="mockolate.decorations.rpc:ResultAnswer" type="e" /> 
        <dep id="mx.rpc.http:HTTPService" type="e" /> 
        <dep id="mx.rpc.events:FaultEvent" type="s" /> 
        <dep id="mockolate.ingredients:Mockolate" type="s" /> 
        <dep id="mx.rpc.events:ResultEvent" type="s" /> 
        <dep id="org.hamcrest:Matcher" type="s" /> 
        <dep id="mx.rpc:AsyncToken" type="s" /> 
        <dep id="AS3" type="n" /> 
        <dep id="mockolate.ingredients:mockolate_ingredient" type="n" /> 
        <dep id="mockolate.decorations:Decorator" type="i" /> 
      </script>
      <script name="org/floxy/IProxyRepository" mod="1275474267000" signatureChecksum="89675252" >
        <def id="org.floxy:IProxyRepository" /> 
        <dep id="flash.events:IEventDispatcher" type="s" /> 
        <dep id="org.floxy:IInterceptor" type="s" /> 
        <dep id="flash.system:ApplicationDomain" type="s" /> 
        <dep id="AS3" type="n" /> 
        <dep id="Object" type="i" /> 
      </script>
      <script name="org/flemit/bytecode/TraitAttribute" mod="1275474274000" signatureChecksum="4001707187" >
        <def id="org.flemit.bytecode:TraitAttribute" /> 
        <dep id="AS3" type="n" /> 
        <dep id="Object" type="i" /> 
      </script>
      <script name="asx/array/pluck" mod="1263099616000" signatureChecksum="4175107996" >
        <def id="asx.array:pluck" /> 
        <dep id="asx.array:inject" type="e" /> 
        <dep id="String" type="e" /> 
        <dep id="asx.fn:callProperty" type="e" /> 
        <dep id="Array" type="e" /> 
        <dep id="asx.array:map" type="e" /> 
        <dep id="asx.fn:getProperty" type="e" /> 
        <dep id="String" type="s" /> 
        <dep id="Array" type="s" /> 
        <dep id="Boolean" type="s" /> 
        <dep id="Object" type="s" /> 
        <dep id="AS3" type="n" /> 
      </script>
      <script name="org/flemit/reflection/MethodInfo" mod="1275474274000" signatureChecksum="2611700790" >
        <def id="org.flemit.reflection:MethodInfo" /> 
        <dep id="org.flemit.reflection:Type" type="e" /> 
        <dep id="Error" type="e" /> 
        <dep id="org.flemit.reflection:Type" type="s" /> 
        <dep id="RegExp" type="s" /> 
        <dep id="Error" type="s" /> 
        <dep id="AS3" type="n" /> 
        <dep id="org.flemit.reflection:MemberInfo" type="i" /> 
      </script>
      <script name="mockolate/errors/CaptureError" mod="1285431683000" signatureChecksum="4172299904" >
        <def id="mockolate.errors:CaptureError" /> 
        <dep id="mockolate.ingredients:Capture" type="s" /> 
        <dep id="AS3" type="n" /> 
        <dep id="mockolate.errors:MockolateError" type="i" /> 
      </script>
      <script name="org/floxy/ProxyGenerator" mod="1275482102000" signatureChecksum="1401777456" >
        <def id="org.floxy:ProxyGenerator" /> 
        <dep id="org.flemit.bytecode:BCNamespace" type="e" /> 
        <dep id="org.floxy:IProxyListener" type="e" /> 
        <dep id="org.flemit.bytecode:NamespaceSet" type="e" /> 
        <dep id="org.flemit.reflection:Type" type="e" /> 
        <dep id="org.floxy:MethodType" type="e" /> 
        <dep id="org.flemit.bytecode:DynamicClass" type="e" /> 
        <dep id="org.flemit.reflection:PropertyInfo" type="e" /> 
        <dep id="org.flemit.reflection:ParameterInfo" type="e" /> 
        <dep id="org.flemit.bytecode:MultipleNamespaceName" type="e" /> 
        <dep id="org.flemit.bytecode:DynamicMethod" type="e" /> 
        <dep id="org.flemit.reflection:FieldInfo" type="e" /> 
        <dep id="org.flemit.reflection:MethodInfo" type="e" /> 
        <dep id="org.flemit.bytecode:NamespaceKind" type="e" /> 
        <dep id="org.flemit.reflection:MemberVisibility" type="e" /> 
        <dep id="org.flemit.bytecode:Instructions" type="e" /> 
        <dep id="org.flemit.bytecode:QualifiedName" type="s" /> 
        <dep id="org.flemit.bytecode:NamespaceSet" type="s" /> 
        <dep id="org.flemit.reflection:Type" type="s" /> 
        <dep id="org.flemit.bytecode:DynamicMethod" type="s" /> 
        <dep id="org.flemit.reflection:FieldInfo" type="s" /> 
        <dep id="org.flemit.reflection:MethodInfo" type="s" /> 
        <dep id="org.flemit.bytecode:DynamicClass" type="s" /> 
        <dep id="org.flemit.reflection:ParameterInfo" type="s" /> 
        <dep id="org.flemit.reflection:PropertyInfo" type="s" /> 
        <dep id="AS3" type="n" /> 
        <dep id="Object" type="i" /> 
      </script>
      <script name="mockolate/ingredients/mockolate_ingredient" mod="1276924519000" signatureChecksum="2324178585" >
        <def id="mockolate.ingredients:mockolate_ingredient" /> 
        <dep id="AS3" type="n" /> 
      </script>
      <script name="mockolate/ingredients/proxy/MockolateProxy" mod="1285431683000" signatureChecksum="681050353" >
        <def id="mockolate.ingredients.proxy:MockolateProxy" /> 
        <dep id="mockolate.ingredients:MockolatierMaster" type="e" /> 
        <dep id="mockolate.ingredients.proxy:ProxyInvocation" type="e" /> 
        <dep id="flash.utils:getQualifiedClassName" type="e" /> 
        <dep id="mockolate.ingredients.proxy:ProxyMockolateFactory" type="e" /> 
        <dep id="mockolate.ingredients:InvocationType" type="e" /> 
        <dep id="flash.utils:getDefinitionByName" type="e" /> 
        <dep id="mockolate.ingredients.proxy:ProxyInvocation" type="s" /> 
        <dep id="mockolate.ingredients:Mockolate" type="s" /> 
        <dep id="AS3" type="n" /> 
        <dep id="flash.utils:flash_proxy" type="n" /> 
        <dep id="mockolate.ingredients:mockolate_ingredient" type="n" /> 
        <dep id="flash.utils:Proxy" type="i" /> 
      </script>
      <script name="asx/array/reject" mod="1260795404000" signatureChecksum="1124669673" >
        <def id="asx.array:reject" /> 
        <dep id="Function" type="s" /> 
        <dep id="Array" type="s" /> 
        <dep id="Object" type="s" /> 
        <dep id="AS3" type="n" /> 
      </script>
      <script name="asx/array/empty" mod="1263085736000" signatureChecksum="1971131850" >
        <def id="asx.array:empty" /> 
        <dep id="asx.array:length" type="e" /> 
        <dep id="Boolean" type="s" /> 
        <dep id="Object" type="s" /> 
        <dep id="AS3" type="n" /> 
      </script>
      <script name="mockolate/make" mod="1276924519000" signatureChecksum="2234001674" >
        <def id="mockolate:make" /> 
        <dep id="mockolate:strict" type="e" /> 
        <dep id="String" type="s" /> 
        <dep id="Class" type="s" /> 
        <dep id="Array" type="s" /> 
        <dep id="AS3" type="n" /> 
      </script>
      <script name="mockolate/ingredients/MockingCouverture" mod="1285431683000" signatureChecksum="3980564019" >
        <def id="mockolate.ingredients:MockingCouverture" /> 
        <dep id="mockolate.ingredients.answers:CallsAnswer" type="e" /> 
        <dep id="mockolate.ingredients.answers:ReturnsAnswer" type="e" /> 
        <dep id="mockolate.errors:InvocationError" type="e" /> 
        <dep id="mockolate.decorations:InvocationDecorator" type="e" /> 
        <dep id="asx.array:map" type="e" /> 
        <dep id="asx.array:detect" type="e" /> 
        <dep id="mx.rpc.http:HTTPService" type="e" /> 
        <dep id="org.hamcrest.collection:IsArrayMatcher" type="e" /> 
        <dep id="mockolate.decorations.rpc:HTTPServiceDecorator" type="e" /> 
        <dep id="flash.utils:getQualifiedClassName" type="e" /> 
        <dep id="mockolate.errors:ExpectationError" type="e" /> 
        <dep id="org.hamcrest.number:greaterThanOrEqualTo" type="e" /> 
        <dep id="mockolate.ingredients:Expectation" type="e" /> 
        <dep id="flash.utils:Dictionary" type="e" /> 
        <dep id="mockolate.errors:MockolateError" type="e" /> 
        <dep id="mockolate.ingredients.answers:DispatchesEventAnswer" type="e" /> 
        <dep id="org.hamcrest.object:nullValue" type="e" /> 
        <dep id="org.hamcrest.core:anything" type="e" /> 
        <dep id="flash.events:IEventDispatcher" type="e" /> 
        <dep id="asx.array:reject" type="e" /> 
        <dep id="mockolate.ingredients:MockingGetterCouverture" type="e" /> 
        <dep id="mockolate.decorations:EventDispatcherDecorator" type="e" /> 
        <dep id="mockolate.ingredients:InvocationType" type="e" /> 
        <dep id="org.hamcrest.core:describedAs" type="e" /> 
        <dep id="mockolate.ingredients:MockingSetterCouverture" type="e" /> 
        <dep id="org.hamcrest.object:equalTo" type="e" /> 
        <dep id="org.hamcrest.core:anyOf" type="e" /> 
        <dep id="org.hamcrest.collection:emptyArray" type="e" /> 
        <dep id="flash.events:EventDispatcher" type="e" /> 
        <dep id="org.hamcrest.number:lessThanOrEqualTo" type="e" /> 
        <dep id="org.hamcrest:StringDescription" type="e" /> 
        <dep id="asx.array:empty" type="e" /> 
        <dep id="mockolate.ingredients.answers:CallsSuperAnswer" type="e" /> 
        <dep id="mockolate.ingredients:valueToMatcher" type="e" /> 
        <dep id="org.hamcrest.text:re" type="e" /> 
        <dep id="mockolate.ingredients.answers:ThrowsAnswer" type="e" /> 
        <dep id="flash.events:Event" type="s" /> 
        <dep id="mockolate.ingredients:Mockolate" type="s" /> 
        <dep id="mockolate.decorations:EventDispatcherDecorator" type="s" /> 
        <dep id="mockolate.ingredients:InvocationType" type="s" /> 
        <dep id="RegExp" type="s" /> 
        <dep id="mockolate.ingredients:Sequence" type="s" /> 
        <dep id="Error" type="s" /> 
        <dep id="mockolate.ingredients.answers:Answer" type="s" /> 
        <dep id="mockolate.decorations.rpc:HTTPServiceDecorator" type="s" /> 
        <dep id="org.hamcrest:Matcher" type="s" /> 
        <dep id="mockolate.decorations:Decorator" type="s" /> 
        <dep id="mockolate.ingredients:Invocation" type="s" /> 
        <dep id="mockolate.ingredients:Expectation" type="s" /> 
        <dep id="flash.utils:Dictionary" type="s" /> 
        <dep id="AS3" type="n" /> 
        <dep id="mockolate.ingredients:mockolate_ingredient" type="n" /> 
        <dep id="mockolate.ingredients:IMockingCouverture" type="i" /> 
        <dep id="mockolate.ingredients:IMockingSetterCouverture" type="i" /> 
        <dep id="mockolate.ingredients:IMockingMethodCouverture" type="i" /> 
        <dep id="mockolate.ingredients:IMockingGetterCouverture" type="i" /> 
        <dep id="mockolate.ingredients:Couverture" type="i" /> 
      </script>
      <script name="asx/array/contains" mod="1263202844000" signatureChecksum="2005604765" >
        <def id="asx.array:contains" /> 
        <dep id="Array" type="e" /> 
        <dep id="Boolean" type="s" /> 
        <dep id="Object" type="s" /> 
        <dep id="AS3" type="n" /> 
      </script>
      <script name="asx/array/repeat" mod="1263205073000" signatureChecksum="3414234866" >
        <def id="asx.array:repeat" /> 
        <dep id="int" type="s" /> 
        <dep id="Array" type="s" /> 
        <dep id="Object" type="s" /> 
        <dep id="AS3" type="n" /> 
      </script>
      <script name="org/flemit/bytecode/ByteCodeWriter" mod="1275474274000" signatureChecksum="3990200550" >
        <def id="org.flemit.bytecode:ByteCodeWriter" /> 
        <dep id="ArgumentError" type="e" /> 
        <dep id="flash.utils:ByteArray" type="e" /> 
        <dep id="flash.utils:Endian" type="e" /> 
        <dep id="Math" type="e" /> 
        <dep id="flash.utils:ByteArray" type="s" /> 
        <dep id="flash.utils:IDataOutput" type="s" /> 
        <dep id="AS3" type="n" /> 
        <dep id="org.flemit.bytecode:IByteCodeWriter" type="i" /> 
        <dep id="Object" type="i" /> 
      </script>
      <script name="org/floxy/MethodType" mod="1275476107000" signatureChecksum="1679376400" >
        <def id="org.floxy:MethodType" /> 
        <dep id="AS3" type="n" /> 
        <dep id="Object" type="i" /> 
      </script>
      <script name="mockolate/ingredients/answers/CallsWithInvocationAnswer" mod="1276924519000" signatureChecksum="4134292913" >
        <def id="mockolate.ingredients.answers:CallsWithInvocationAnswer" /> 
        <dep id="mockolate.ingredients:Invocation" type="s" /> 
        <dep id="AS3" type="n" /> 
        <dep id="mockolate.ingredients.answers:Answer" type="i" /> 
        <dep id="Object" type="i" /> 
      </script>
      <script name="org/flemit/bytecode/ByteCodeLayoutBuilder" mod="1275474274000" signatureChecksum="1217956001" >
        <def id="org.flemit.bytecode:ByteCodeLayoutBuilder" /> 
        <dep id="org.flemit.bytecode:ByteCodeLayout" type="e" /> 
        <dep id="org.flemit.util:ClassUtility" type="e" /> 
        <dep id="org.flemit.bytecode:DynamicClass" type="e" /> 
        <dep id="flash.utils:Dictionary" type="e" /> 
        <dep id="org.flemit.bytecode:ByteCodeLayout" type="s" /> 
        <dep id="org.flemit.reflection:Type" type="s" /> 
        <dep id="org.flemit.bytecode:DynamicMethod" type="s" /> 
        <dep id="org.flemit.reflection:MethodInfo" type="s" /> 
        <dep id="org.flemit.bytecode:DynamicClass" type="s" /> 
        <dep id="org.flemit.bytecode:IByteCodeLayout" type="s" /> 
        <dep id="flash.utils:Dictionary" type="s" /> 
        <dep id="org.flemit.bytecode:IEqualityComparable" type="s" /> 
        <dep id="AS3" type="n" /> 
        <dep id="org.flemit.bytecode:IByteCodeLayoutBuilder" type="i" /> 
        <dep id="Object" type="i" /> 
      </script>
      <script name="org/flemit/bytecode/Instructions" mod="1275474274000" signatureChecksum="1768674691" >
        <def id="org.flemit.bytecode:Instructions" /> 
        <dep id="AS3" type="n" /> 
        <dep id="Object" type="i" /> 
      </script>
      <script name="org/flemit/bytecode/QualifiedName" mod="1275474274000" signatureChecksum="4182921988" >
        <def id="org.flemit.bytecode:QualifiedName" /> 
        <dep id="org.flemit.bytecode:BCNamespace" type="s" /> 
        <dep id="org.flemit.bytecode:MultinameKind" type="s" /> 
        <dep id="AS3" type="n" /> 
        <dep id="org.flemit.bytecode:Multiname" type="i" /> 
      </script>
      <script name="org/flemit/tags/FileAttributesTag" mod="1275474274000" signatureChecksum="3292189986" >
        <def id="org.flemit.tags:FileAttributesTag" /> 
        <dep id="org.flemit:ISWFOutput" type="s" /> 
        <dep id="AS3" type="n" /> 
        <dep id="org.flemit:Tag" type="i" /> 
      </script>
      <script name="org/flemit/bytecode/BCNamespace" mod="1275474274000" signatureChecksum="4076427796" >
        <def id="org.flemit.bytecode:BCNamespace" /> 
        <dep id="org.flemit.bytecode:NamespaceKind" type="e" /> 
        <dep id="AS3" type="n" /> 
        <dep id="Object" type="i" /> 
        <dep id="org.flemit.bytecode:IEqualityComparable" type="i" /> 
      </script>
      <script name="mockolate/ingredients/faux/FauxMockolate" mod="1285431683000" signatureChecksum="2006616541" >
        <def id="mockolate.ingredients.faux:FauxMockolate" /> 
        <dep id="mockolate.ingredients:Invocation" type="s" /> 
        <dep id="AS3" type="n" /> 
        <dep id="mockolate.ingredients:mockolate_ingredient" type="n" /> 
        <dep id="mockolate.ingredients:Mockolate" type="i" /> 
      </script>
      <script name="org/flemit/reflection/ITypeProvider" mod="1275474274000" signatureChecksum="3206756052" >
        <def id="org.flemit.reflection:ITypeProvider" /> 
        <dep id="org.flemit.reflection:Type" type="s" /> 
        <dep id="flash.system:ApplicationDomain" type="s" /> 
        <dep id="AS3" type="n" /> 
        <dep id="Object" type="i" /> 
      </script>
      <script name="org/flemit/reflection/DescribeTypeTypeProvider" mod="1275474274000" signatureChecksum="2259377822" >
        <def id="org.flemit.reflection:DescribeTypeTypeProvider" /> 
        <dep id="org.flemit.reflection:TypeNotFoundError" type="e" /> 
        <dep id="org.flemit.bytecode:BCNamespace" type="e" /> 
        <dep id="flash.utils:describeType" type="e" /> 
        <dep id="org.flemit.reflection:Type" type="e" /> 
        <dep id="org.flemit.reflection:PropertyInfo" type="e" /> 
        <dep id="org.flemit.reflection:ParameterInfo" type="e" /> 
        <dep id="org.flemit.bytecode:QualifiedName" type="e" /> 
        <dep id="flash.utils:getQualifiedClassName" type="e" /> 
        <dep id="flash.net:registerClassAlias" type="e" /> 
        <dep id="org.flemit.bytecode:GenericName" type="e" /> 
        <dep id="org.flemit.reflection:FieldInfo" type="e" /> 
        <dep id="org.flemit.reflection:MethodInfo" type="e" /> 
        <dep id="org.flemit.bytecode:NamespaceKind" type="e" /> 
        <dep id="org.flemit.reflection:MemberVisibility" type="e" /> 
        <dep id="flash.utils:Dictionary" type="e" /> 
        <dep id="org.flemit.reflection:TypeNotFoundError" type="s" /> 
        <dep id="org.flemit.bytecode:Multiname" type="s" /> 
        <dep id="org.flemit.reflection:Type" type="s" /> 
        <dep id="org.flemit.reflection:PropertyInfo" type="s" /> 
        <dep id="org.flemit.reflection:ParameterInfo" type="s" /> 
        <dep id="RegExp" type="s" /> 
        <dep id="flash.system:ApplicationDomain" type="s" /> 
        <dep id="org.flemit.bytecode:QualifiedName" type="s" /> 
        <dep id="org.flemit.bytecode:GenericName" type="s" /> 
        <dep id="org.flemit.reflection:MethodInfo" type="s" /> 
        <dep id="org.flemit.reflection:FieldInfo" type="s" /> 
        <dep id="XML" type="s" /> 
        <dep id="flash.utils:Dictionary" type="s" /> 
        <dep id="AS3" type="n" /> 
        <dep id="org.flemit.reflection:ITypeProvider" type="i" /> 
        <dep id="Object" type="i" /> 
      </script>
      <script name="mockolate/ingredients/Verification" mod="1285431683000" signatureChecksum="2917986230" >
        <def id="mockolate.ingredients:Verification" /> 
        <dep id="mockolate.ingredients:InvocationType" type="s" /> 
        <dep id="org.hamcrest:Matcher" type="s" /> 
        <dep id="AS3" type="n" /> 
        <dep id="Object" type="i" /> 
      </script>
      <script name="org/flemit/reflection/FieldInfo" mod="1275474274000" signatureChecksum="3423942148" >
        <def id="org.flemit.reflection:FieldInfo" /> 
        <dep id="org.flemit.reflection:Type" type="s" /> 
        <dep id="AS3" type="n" /> 
        <dep id="org.flemit.reflection:MemberInfo" type="i" /> 
      </script>
      <script name="org/flemit/bytecode/ClassFlags" mod="1275474274000" signatureChecksum="3597287778" >
        <def id="org.flemit.bytecode:ClassFlags" /> 
        <dep id="AS3" type="n" /> 
        <dep id="Object" type="i" /> 
      </script>
      <script name="mockolate/ingredients/answers/CallsAnswer" mod="1285431683000" signatureChecksum="3696378437" >
        <def id="mockolate.ingredients.answers:CallsAnswer" /> 
        <dep id="mockolate.ingredients:Invocation" type="s" /> 
        <dep id="AS3" type="n" /> 
        <dep id="mockolate.ingredients.answers:Answer" type="i" /> 
        <dep id="Object" type="i" /> 
      </script>
      <script name="mockolate/prepare" mod="1276924519000" signatureChecksum="596595374" >
        <def id="mockolate:prepare" /> 
        <dep id="mockolate.ingredients:MockolatierMaster" type="e" /> 
        <dep id="flash.events:IEventDispatcher" type="s" /> 
        <dep id="AS3" type="n" /> 
      </script>
      <script name="org/floxy/floxy_internal" mod="1275474267000" signatureChecksum="907613353" >
        <def id="org.floxy:floxy_internal" /> 
        <dep id="AS3" type="n" /> 
      </script>
      <script name="mockolate/received" mod="1285431683000" signatureChecksum="2819369395" >
        <def id="mockolate:received" /> 
        <dep id="mockolate.ingredients:InvocationsMatcher" type="e" /> 
        <dep id="mockolate.ingredients:InvocationsMatcher" type="s" /> 
        <dep id="AS3" type="n" /> 
      </script>
      <script name="org/floxy/ProxyRepository" mod="1275474267000" signatureChecksum="2641940893" >
        <def id="org.floxy:ProxyRepository" /> 
        <dep id="org.flemit:SWFHeader" type="e" /> 
        <dep id="flash.events:Event" type="e" /> 
        <dep id="org.flemit.bytecode:BCNamespace" type="e" /> 
        <dep id="ArgumentError" type="e" /> 
        <dep id="flash.utils:ByteArray" type="e" /> 
        <dep id="org.flemit.reflection:Type" type="e" /> 
        <dep id="org.floxy:ProxyGenerator" type="e" /> 
        <dep id="org.flemit.tags:SetBackgroundColorTag" type="e" /> 
        <dep id="org.flemit.tags:EndTag" type="e" /> 
        <dep id="flash.system:ApplicationDomain" type="e" /> 
        <dep id="org.flemit.tags:ScriptLimitsTag" type="e" /> 
        <dep id="org.flemit.bytecode:QualifiedName" type="e" /> 
        <dep id="flash.utils:getQualifiedClassName" type="e" /> 
        <dep id="org.flemit.util:ClassUtility" type="e" /> 
        <dep id="org.flemit:SWFWriter" type="e" /> 
        <dep id="org.flemit.tags:FileAttributesTag" type="e" /> 
        <dep id="flash.utils:Dictionary" type="e" /> 
        <dep id="flash.events:ErrorEvent" type="e" /> 
        <dep id="org.floxy:IProxyListener" type="e" /> 
        <dep id="org.flemit.tags:ShowFrameTag" type="e" /> 
        <dep id="org.flemit.tags:FrameLabelTag" type="e" /> 
        <dep id="flash.errors:IllegalOperationError" type="e" /> 
        <dep id="org.floxy:GUID" type="e" /> 
        <dep id="trace" type="e" /> 
        <dep id="org.flemit.bytecode:ByteCodeLayoutBuilder" type="e" /> 
        <dep id="flash.events:IOErrorEvent" type="e" /> 
        <dep id="flash.display:Loader" type="e" /> 
        <dep id="org.flemit.tags:DoABCTag" type="e" /> 
        <dep id="org.flemit.bytecode:NamespaceKind" type="e" /> 
        <dep id="org.flemit.util:MethodUtil" type="e" /> 
        <dep id="org.floxy:InterceptorProxyListener" type="e" /> 
        <dep id="flash.system:LoaderContext" type="e" /> 
        <dep id="org.flemit:SWFHeader" type="s" /> 
        <dep id="org.flemit.bytecode:BCNamespace" type="s" /> 
        <dep id="flash.events:Event" type="s" /> 
        <dep id="org.flemit.bytecode:IByteCodeLayoutBuilder" type="s" /> 
        <dep id="org.floxy:IProxyListener" type="s" /> 
        <dep id="flash.events:IEventDispatcher" type="s" /> 
        <dep id="flash.utils:ByteArray" type="s" /> 
        <dep id="org.flemit.reflection:Type" type="s" /> 
        <dep id="org.floxy:ProxyGenerator" type="s" /> 
        <dep id="org.flemit.bytecode:DynamicClass" type="s" /> 
        <dep id="flash.display:Loader" type="s" /> 
        <dep id="flash.system:ApplicationDomain" type="s" /> 
        <dep id="org.flemit.bytecode:QualifiedName" type="s" /> 
        <dep id="org.flemit:SWFWriter" type="s" /> 
        <dep id="org.flemit.bytecode:IByteCodeLayout" type="s" /> 
        <dep id="org.floxy:IInterceptor" type="s" /> 
        <dep id="flash.system:LoaderContext" type="s" /> 
        <dep id="flash.utils:Dictionary" type="s" /> 
        <dep id="flash.events:ErrorEvent" type="s" /> 
        <dep id="AS3" type="n" /> 
        <dep id="flash.events:EventDispatcher" type="i" /> 
        <dep id="org.floxy:IProxyRepository" type="i" /> 
        <dep id="Object" type="i" /> 
      </script>
      <keep-as3-metadata>
        <metadata name="Mock" />
      </keep-as3-metadata>
      <digests>
        <digest type="SHA-256" signed="false" value="5d3b12a56f983db3e545d9b5e0b3b3ee139da7b85210c32f33a04eb661655ed2"   />
      </digests>
    </library>
  </libraries>
  <files>
  </files>
</swc>
